Начало,Конец,Город,название,Описание,Возрастной рейтинг,Ссылка,Название фандома/фильма/аниме,Активность,Контент,Музыка
1/4/2021,1/5/2021,Онлайн,Деткон XV онлайн,"Ролевые игры, настольные игры, фантастика, творчество",Нет,https://anime-conventions.ru/cities/2021.html,-,настольные игры,-,-
1/22/2021,5/30/2021,Москва,Фукусима: надежда и отчаяние,"Фотовыставка, Сигэру Ёсида",Нет,https://anime-conventions.ru/cities/2021.html,-,-,-,-
1/30/2021,1/30/2021,Тула,Yuki no Odori (YnO),"Аниме, косплей, K-pop, восточно-азиатская культура",Нет,https://anime-conventions.ru/cities/2021.html,-,косплей,аниме,K-pop
2/4/2021,2/8/2021,Санкт-Петербург,54-й фестиваль японского кино ,Японское кино,Нет,https://anime-conventions.ru/cities/2021.html,-,-,-,-
2/21/2021,2/21/2021,Миасс,АНИМЕФЕСТ,"Аниме, фотокосплей, косплей, ярмарка",Нет,https://anime-conventions.ru/cities/2021.html,-,косплей,ярмарка,-
2/28/2021,2/28/2021,Онлайн,АзияБриз: Зима,"Вокал, выставка кукол, фотокосплей, мастер-классы, ёнкома",Нет,https://anime-conventions.ru/cities/2021.html,-,косплей,мастер-классы,-
3/7/2021,3/7/2021,Онлайн,Орден Сюн Мао,"Квесты, косплей, творчество, конкурсы",Нет,https://anime-conventions.ru/cities/2021.html,-,косплей,-,-
4/4/2021,4/4/2021,Казань,Yokai Kabuki ,"Азиатская культура, анимация, караоке, ярмарка, мастер-классы",Нет,https://anime-conventions.ru/cities/2021.html,-,-,мастер-классы,караоке
4/10/2021,4/10/2021,Архангельск,Анимия,Восточная культура,Нет,https://anime-conventions.ru/cities/2021.html,-,-,-,-
4/10/2021,4/10/2021,Нижний Новгород,ASIA ZONE: BIRTHDAY PARTY,"K-pop, розыгрыш, дискотека",12+,https://anime-conventions.ru/cities/2021.html,-,-,-,K-pop
4/10/2021,4/11/2021,Рязань,Моя сцена,"Косплей, фильмы, аниме, компьютерные игры",Нет,https://anime-conventions.ru/cities/2021.html,-,косплей,аниме,-
4/11/2021,4/11/2021,Москва,Аниме и К-поп пати День аниме,"Аниме, косплей, настольные игры, конкурсы, творчество",10+,https://anime-conventions.ru/cities/2021.html,-,настольные игры,аниме,-
4/17/2021,4/17/2021,Москва,AnyWay Fest ,"Аниме, косплей, игры, кино, актеры озвучки, музыканты",Нет,https://anime-conventions.ru/cities/2021.html,-,косплей,аниме,-
4/17/2021,4/18/2021,Ярославль,FAP. Festival of Asian Popular culture,"Косплей, конкурсы, дефиле, танцы, караоке, кино",Нет,https://anime-conventions.ru/cities/2021.html,-,косплей,-,кароке
4/17/2021,4/18/2021,Онлайн,Geek-конвент «CON.Версия» 9.5,"Конкурсы, игры, сценические номера, приглашенные гости",Нет,https://anime-conventions.ru/cities/2021.html,-,настольные игры,-,-
4/24/2021,4/24/2021,Москва,Аниме и К-поп пати : Наруто x Акацуки!,"Аниме, K-pop, Наруто, косплей, дискотека, настольные игры, творчество",10+,https://anime-conventions.ru/cities/2021.html,Наруто,настольные игры,аниме,K-pop
5/1/2021,5/3/2021,Владивосток,Kuroi Sora // Animate It! // ,"Косплей, конкурсы",Нет,https://anime-conventions.ru/cities/2021.html,-,косплей,-,-
5/1/2021,5/1/2021,Кострома,Anime & K-Pop fest from Wasp ,"Аниме, K-pop, мастер-классы, ярмарка, косплей, танцы, конкурсы",Нет,https://anime-conventions.ru/cities/2021.html,-,косплей,мастер-классы,K-pop
5/1/2021,5/1/2021,Самара,DEADLINE vol.4,Гик-культура,12+,https://anime-conventions.ru/cities/2021.html,-,-,-,-
5/1/2021,5/3/2021,Онлайн,Всероссийский фестиваль японской анимации,"Видеокосплей, косплей, концерт, мастер-классы",Нет,https://anime-conventions.ru/cities/2021.html,-,косплей,мастер-классы,-
5/8/2021,5/8/2021,Санкт-Петербург,M.Ani.Fest (МАФ),"Косплей, настольные игры, манга, аниме, игры, ярмарка, танцы, творчество, квесты",16+,https://anime-conventions.ru/cities/2021.html,-,настольные игры,ярмарка,Cover-dance
5/14/2021,5/16/2021,Минск,Uniсon & Game Expo ,"Настольные игры, комиксы, игры, косплей, творчество, фильмы, сериалы, литература, приглашенные гости",Нет,https://anime-conventions.ru/cities/2021.html,-,настольные игры,комиксы,-
5/15/2021,5/15/2021,Краснодар,Endless AniFest,"Конкурсы, ярмарка, косплей, дефиле, K-pop, приглашенные гости",Нет,https://anime-conventions.ru/cities/2021.html,-,косплей,ярмарка,K-pop
5/15/2021,5/15/2021,Рязань,K-POP SPRING PARTY,"K-pop, выступления, танцы, ярмарка, конкурсы",Нет,https://anime-conventions.ru/cities/2021.html,-,-,ярмарка,Cover-dance
5/16/2021,5/16/2021,Москва,Тогучи,"Косплей, аниме, манга, j-rock, японская мода, фильмы, мультфильмы, книги, комиксы",Нет,https://anime-conventions.ru/cities/2021.html,-,косплей,комиксы,-
5/22/2021,5/22/2021,Ульяновск,EoS Fest ,"Конкурсы, косплей, дефиле, танцы, вокал, выступления",Нет,https://anime-conventions.ru/cities/2021.html,-,косплей,-,-
5/23/2021,5/23/2021,Екатеринбург,Киновечер Аниме от AIRFOX24 ,"Аниме, кино, косплей, дефиле, мастер-классы, ярмарка, конкурсы",Нет,https://anime-conventions.ru/cities/2021.html,-,косплей,мастер-классы,-
5/23/2021,5/23/2021,Москва,Смерть тетрадям,"Аниме, J-pop, OST, K-pop, конкурсы, косплей, настольные игры, творчество",10+,https://anime-conventions.ru/cities/2021.html,-,настольные игры,аниме,K-pop
5/28/2021,5/29/2021,Москва,АНИМЕ И К-ПОП ПАТИ : СМЕРТЬ ТЕТРАДЯМ!,"Игры, настольные игры, аниме, дискотека, J-pop, OST, K-pop",18+,https://anime-conventions.ru/cities/2021.html,-,настольные игры,аниме,K-pop
5/29/2021,5/29/2021,Казань,Fenix ,"Косплей, творчество, караоке, аниме, японская культура, американская культура, мастер-классы",Нет,https://anime-conventions.ru/cities/2021.html,-,косплей,мастер-классы,караоке
5/29/2021,5/30/2021,Санкт-Петербург,Epic Con 0+,"Фильмы, сериалы, игры, анимация, книги, настольные игры, косплей, мастер-классы",Нет,https://anime-conventions.ru/cities/2021.html,-,косплей,мастер-классы,-
6/1/2021,6/6/2021,Екатеринбург,Косплей-выставка ,"Косплей, дефиле, мастер-классы, фотокосплей",Нет,https://anime-conventions.ru/cities/2021.html,-,косплей,мастер-классы,-
6/5/2021,6/5/2021,Москва,GEEK & MUSIC ,"Гик-культура, музыка, квесты, конкурсы, ярмарка, косплей, игры, настольные игры, дефиле, мастер-классы, творчество",Нет,https://anime-conventions.ru/cities/2021.html,-,настольные игры,ярмарка,-
6/6/2021,6/6/2021,Москва,Кигуруми Аниме и К-поп пати,"Аниме, дискотека, J-pop, OST, K-pop, косплей, игры, настольные игры, творчество, конкурсы",10+,https://anime-conventions.ru/cities/2021.html,-,косплей,аниме,K-pop
6/19/2021,6/19/2021,Димитровград,MIZUKI FEST ,"Ярмарка, аллея авторов, творчество, сценическая программа",Нет,https://anime-conventions.ru/cities/2021.html,-,-,ярмарка,-
6/20/2021,6/20/2021,Москва,Неко Аниме и К-поп пати,"Аниме, дискотека, J-pop, OST, K-pop, косплей, игры, настольные игры, творчество, конкурсы",10+,https://anime-conventions.ru/cities/2021.html,-,косплей,аниме,K-pop
6/20/2021,6/20/2021,Петропавловск-Камчатский,CowabunGoСon ,"Аниме, фантастика, кино, наука, настольные игры, выставка, косплей",Нет,https://anime-conventions.ru/cities/2021.html,-,настольные игры,аниме,-
6/26/2021,6/26/2021,Дубна,AtomCosCon ,"Косплей, творчество, конкурсы, вокал",Нет,https://anime-conventions.ru/cities/2021.html,-,косплей,-,-
6/26/2021,6/27/2021,Москва, Аниме и К-поп пати: Кигуруми!,"Игры, настольные игры, аниме, дискотека, J-pop, OST, K-pop",18+,https://anime-conventions.ru/cities/2021.html,-,настольные игры,аниме,K-pop
6/27/2021,6/27/2021,Москва,Anime Party by toosyao13 ,"Аниме, музыка, косплей, настольные игры, конкурсы",Нет,https://anime-conventions.ru/cities/2021.html,-,косплей,аниме,-
7/3/2021,7/3/2021,Кемерово,CROSSxOVER ,"Вокал, косплей, дефиле, игры, K-pop, рок-музыка, творчество, ярмарка, мастер-классы",Нет,https://anime-conventions.ru/cities/2021.html,-,косплей,мастер-классы,K-pop
7/10/2021,7/11/2021,Москва,FFP | FREE FANDOM PARTY MASK | TRIPLE F,"Гик, ярмарка, косплей, сериалы, фильмы, аниме, комиксы, манга, K-pop, книги, игры, аллея авторов, творчество, приглашенные гости, мастер-классы",Нет,https://anime-conventions.ru/cities/2021.html,-,косплей,комиксы,K-pop
7/10/2021,7/10/2021,Минск,Летний фестиваль Кампай,"Группа Альциона, косплей, конкурсы, K-pop, настольные игры",12+,https://anime-conventions.ru/cities/2021.html,-,настольные игры,-,K-pop
7/17/2021,7/17/2021,Калуга,ANI-SHINAI ,"Косплей, восточная культура, гик-культура, аниме, косплей, игры, фильмы, мультфильмы, комиксы, ярмарка, конкурсы, мастер-классы",Нет,https://anime-conventions.ru/cities/2021.html,-,косплей,мастер-классы,-
7/24/2021,7/25/2021,Тула,Korean Dream ,"K-pop, танцы, творчество, фан-арты, косплей",Нет,https://anime-conventions.ru/cities/2021.html,-,косплей,-,Cover-dance
7/30/2021,7/30/2021,Москва,Аниме К-поп пати Кигуруми,"Игры, настольные игры, аниме, дискотека, J-pop, OST, K-pop",18+,https://anime-conventions.ru/cities/2021.html,-,настольные игры,аниме,K-pop
7/31/2021,7/31/2021,Самара,DRAGONFLY FESTIVAL ,"Конкурсы, танцы, вокал, айдолы, мастер-классы, ярмарка",Нет,https://anime-conventions.ru/cities/2021.html,-,-,ярмарка,Cover-dance
7/31/2021,8/1/2021,Онлайн,ОТАКОН,"Японская культура, аниме, манга, косплей, сериалы, игры, комиксы, ярмарка, мастер-классы, Миядзаки, Мадока",12+,https://anime-conventions.ru/cities/2021.html,Хаяо Миядзаки,косплей,мастер-классы,-
8/1/2021,8/1/2021,Москва,Tanoshii Fest ,"Ярмарка, мастер классы, настольные игры",Нет,https://anime-conventions.ru/cities/2021.html,-,настольные игры,ярмарка,-
8/7/2021,8/7/2021,Екатеринбург,АзияБриз: Ханаби,"Аниме, косплей, ярмарка,  мастеры классы, k-pop dance",Нет,https://anime-conventions.ru/cities/2021.html,-,настольные игры,ярмарка,K-pop
8/7/2021,8/7/2021,Москва,AnyWay Fest Mk II ,"Косплей, настольные игры",Нет,https://anime-conventions.ru/cities/2021.html,-,косплей,-,-
8/7/2021,8/7/2021,Москва,UnityCon Mini ,"Косплей, ярмарка, рисование",Нет,https://anime-conventions.ru/cities/2021.html,-,косплей,"ярмарка, ",-
8/8/2021,8/8/2021,Краснодар,Cyberpunk AniFest,"Косплей, k-pop cover dance, ярмарка, мастер классы",Нет,https://anime-conventions.ru/cities/2021.html,-,косплей,мастер-классы,K-pop
8/14/2021,8/15/2021,Онлайн,Geek Fest ,"Косплей-конкурс, школа комиксов, фотопроект по косплеям",Нет,https://anime-conventions.ru/cities/2021.html,-,косплей,комиксы,-
8/15/2021,8/15/2021,Москва,Sofa | Free | Time Fest,"Настольные игры, косплей, аниме",12+,https://anime-conventions.ru/cities/2021.html,-,косплей,аниме,-
8/21/2021,8/21/2021,Ростов-на-Дону,Танибата ,"Восточная культура, восточное кино, k-pop, косплей",Нет,https://anime-conventions.ru/cities/2021.html,-,косплей,-,K-pop
8/21/2021,8/21/2021,Ставрополь,GeekCon ,"Фильмы, сериалы, компьютерные игры, анимации, косплей, cover dance",Нет,https://anime-conventions.ru/cities/2021.html,-,косплей,аниме,Cover-dance
8/21/2021,8/21/2021,Мариуполь,GeekON ,"Косплей дефиле, выступления вокалистов и танцоров, квест",Нет,https://anime-conventions.ru/cities/2021.html,-,косплей,-,-
8/22/2021,8/22/2021,Москва,Toosyao Anime Festival,"Аниме, косплей дефиле, настольные игры, конкурсы",Нет,https://anime-conventions.ru/cities/2021.html,-,настольные игры,аниме,-
8/28/2021,8/29/2021,Белгород,GAKKO 13 ,"Дефиле, караоке, танцы, аллея авторов, квесты, мастер-классы",Нет,https://anime-conventions.ru/cities/2021.html,-,косплей,мастер-классы,караоке
8/28/2021,8/28/2021,Екатеринбург,Гиккон ,"Квесты, фотозоны, косплей-шоу, аллея авторов, комиксы, киберспортивные турниры",Нет,https://anime-conventions.ru/cities/2021.html,-,косплей,комиксы,-
8/28/2021,8/28/2021,Киров,"AiO - ""Light""","Азиатская-поп-культура ""Umami"", конкурс ролевого костюма, настольные игры, вальс",Нет,https://anime-conventions.ru/cities/2021.html,-,ролевые игры,-,-
8/29/2021,8/29/2021,Казань,Yokai Matsuri,"Аизатская культура, конкурс караоке, cover-dance, мастер классы, аниме-ярмарка",0+,https://anime-conventions.ru/cities/2021.html,-,-,мастер-классы,караоке
8/29/2021,8/29/2021,Москва,Тогучи ,"Косплей на любимого персонажа из традиоционных восточных направлений и зарубежных фильмов, сценки, танцы, игры со зрителями",Нет,https://anime-conventions.ru/cities/2021.html,-,косплей,-,-
9/4/2021,9/4/2021,Санкт-Петербург,Вечеринка от Мечтателей и RP,"Вечеринка, музыка",18+,https://anime-conventions.ru/cities/2021.html,-,-,-,-
9/4/2021,9/4/2021,Санкт-Петербург,AniCon ,"Аниме, комиксы, фильмы, сериалы, сценки, мастер классы по японской культуре, танцам и рисованию",Нет,https://anime-conventions.ru/cities/2021.html,-,-,комиксы,-
9/12/2021,9/12/2021,Волгоград,"""ЧитальНЯ""","Косплей, кей-поп, фанфикшн, сценка, караоке, викторины, настольные игры, конкурсы",5 - 6+,https://anime-conventions.ru/cities/2021.html,-,настольные игры,-,караоке
9/18/2021,9/18/2021,Москва,AnyWay Fest Mk II ,"Фантастика, игры, сериалы, мультфильмы, кино, ярмарка, настольные игры",Нет,https://anime-conventions.ru/cities/2021.html,-,настольные игры,ярмарка,-
9/18/2021,9/18/2021,Ульяновск,TestFest v.4.0,"Косплей-дефиле, групповой coverdance, вокальные номера, сценки",Нет,https://anime-conventions.ru/cities/2021.html,-,косплей,,Cover-dance
9/25/2021,9/25/2021,Одинцово,Tonakai Festival ,"Косплей, каверданс, вокал, мастер классы, ярмарка, игротека",Нет,https://anime-conventions.ru/cities/2021.html,-,косплей,ярмарка,Cover-dance
9/25/2021,9/25/2021,Пенза,Aoiro Hikari,"Косплей-дефиле, вокал, K-pop cover-dance, ярмарка с аниме и k-pop товарами",12+,https://anime-conventions.ru/cities/2021.html,-,косплей,ярмарка,K-pop
9/26/2021,9/26/2021,Волгоград,Японский ШкАФ ,"Японская культура, квесты, танцевальные выступления, косплей",Нет,https://anime-conventions.ru/cities/2021.html,-,косплей,-,-
10/3/2021,10/3/2021,Краснодар,Darkside Territory | Anime Party by Noraneko - Tokyo Revengers X Durarara!!,"Настольные игры, косплей-дефиле",Нет,https://anime-conventions.ru/cities/2021.html,-,"косплей, настольные игры",-,-
10/3/2021,10/3/2021,Самара,Аниме фестиваль самого дешёвого косплея,"Аниме, выстулпения, стендапы",12+,https://anime-conventions.ru/cities/2021.html,-,-,аниме,-
10/17/2021,10/17/2021,Москва,День Японии от J-FEST ,"Японская культура, мастер-классы, лекция по омотэнаси, чайная церемония",Нет,https://anime-conventions.ru/cities/2021.html,-,-,мастер-классы,-
10/23/2021,10/23/2021,Дубна,ATOMCOSCON,"Косплей, вокал, кавер-дэнс, знакомство с косплеерами мирового уровня, мастер-классы и лекции",Нет,https://anime-conventions.ru/cities/2021.html,-,косплей,-,Cover-dance
10/23/2021,10/23/2021,Минск,Геншин фестиваль Кампай,"Ярмарка аниме и кей-поп товаров, секция консольных и настольных игр, алея творцов, Just Dance фестивальный Геншин квест",12+,https://anime-conventions.ru/cities/2021.html,Genshin Impact,настольные игры,-,-
10/23/2021,10/23/2021,Онлайн,Югракон ,"Мастер-классы, интервью с писателями, презентация комиксов, косплей",12+,https://anime-conventions.ru/cities/2021.html,-,косплей,комиксы,-
10/24/2021,10/24/2021,Санкт-Петербург,Вечеринка от RP: Готовы к хэллоуину?,"Косплей, музыка, танцы, хэллоуин, конкурсы, настольные игры",Нет,https://anime-conventions.ru/cities/2021.html,-,настольные игры,-,-
10/30/2021,10/31/2021,Санкт-Петербург,"21 фестиваль фантастики, науки и самовыражения ""Старкон""","Научная конференция, фестиваль кино, конкурс косплея, кибер-спортивные соревнования, арт-зона, ярмарка, вечеринка",Нет,https://anime-conventions.ru/cities/2021.html,-,косплей,ярмарка,-
11/12/2021,12/5/2021,Санкт-Петербург,Парад ёкаев: мистические существа из Японии,"Японская культура, ёкаи",Нет,https://anime-conventions.ru/cities/2021.html,-,-,-,-
11/13/2021,11/14/2021,Нижний Новгород,ANIMANIA: 18й сезон,"Мейд-кафе, аллея авторов, мастер-классы, Just Dance",Нет,https://anime-conventions.ru/cities/2021.html,-,-,мастер-классы,Just-dance
11/21/2021,11/21/2021,Москва,Тогучи,"Косплей на любого персонажа, сценки, танцы, караоке",Нет,https://anime-conventions.ru/cities/2021.html,-,косплей,-,караоке
11/26/2021,11/26/2021,Москва,J-FEST Autumn ,Японская культура,Нет,https://anime-conventions.ru/cities/2021.html,-,-,-,-
11/27/2021,11/27/2021,Архангельск,Круас-сан фест,"Косплей, вокал, Cover Dance",12+,https://anime-conventions.ru/cities/2021.html,-,косплей,-,Cover-dance
11/27/2021,11/27/2021,Москва,Снежная КОНСерва — CM.Fest,Фестиваль по Genshin Impact,12+,https://anime-conventions.ru/cities/2021.html,Genshin Impact,-,-,-
11/28/2021,11/28/2021,Тольятти ,Кайга-fest,"Большая аниме и k-pop ярмарки, видеоигры, настольные игры, just dance, множество мастер-классов, квест",Нет,https://anime-conventions.ru/cities/2021.html,-,настольные игры,ярмарка,Just-dance
12/5/2021,12/5/2021,Москва,Toosyao Anime Festival ,"Аниме и музыка из аниме, видеоигры, настольные игры, косплей",Нет,https://anime-conventions.ru/cities/2021.html,-,настольные игры,аниме,-
12/11/2021,12/12/2021,Москва,AnyPony Fest ,"Косплей, ярмарка, музыка",Нет,https://anime-conventions.ru/cities/2021.html,-,косплей,ярмарка,-
12/11/2021,12/11/2021,Тольятти,Кайга-fest,"Большая аниме и k-pop ярмарки, видеоигры, настольные игры, just dance, множество мастер-классов, квест",Нет,https://anime-conventions.ru/cities/2021.html,-,настольные игры,ярмарка,Just-dance
12/12/2021,12/12/2021,Воронеж,Horboo Anime Festival ,"Косплей, аниме, Geek увлечения ",Нет,https://anime-conventions.ru/cities/2021.html,-,косплей,аниме,-
12/16/2021,12/25/2021,Санкт-Петербург,55-й фестиваль японского кино,"Японское кино (комедия, историческая драма, научная фантастика, фильмы с элементами триллера, а также анимация)",Нет,https://anime-conventions.ru/cities/2021.html,-,-,аниме,-
12/18/2021,12/19/2021,Новосибирск,Moon Rabbit,"Косплей, вокал, хореографические выступления",16+,https://anime-conventions.ru/cities/2021.html,-,косплей,-,-
12/19/2021,12/19/2021,Санкт-Петербург,[Поместье RP] Рождество с Окита-Дан ,"Настольные игры, караоке, викторины, аниме ",Нет,https://anime-conventions.ru/cities/2021.html,-,настольные игры,аниме,караоке
12/26/2021,12/26/2021,Волгоград,Снежная ЧитальНЯ,Фотокосплей (по аниме / комиксам / играм / Новому году),6+,https://anime-conventions.ru/cities/2021.html,-,косплей,-,-
1/9/2022,1/9/2022,Краснодар,Spooky Christmas AniFest,"Мастер-классы, ярмарка, Хеллоуин, Рождество",нет,https://anime-conventions.ru/cities/2022.html,-,косплей,мастер-классы,-
1/15/2022,1/15/2022,Воронеж,Happy Matsuri ,"аниме, K-pop, игры, косплей ",нет,https://anime-conventions.ru/cities/2022.html,-,косплей,аниме,K-pop
1/16/2022,1/16/2022,Хабаровск,WINTER ANIME&K-POP GEEK FEST ,"Cosplay Defile, Cover Dance",нет,https://anime-conventions.ru/cities/2022.html,-,косплей,аниме,Cover-dance
1/30/2022,1/30/2022,Москва,Тогучи ,"косплей, аниме, манга, дунхуа, маньхуа, дорамы, фильмы, мультфильмы, книги, комиксы, знаменитости, исторический костюм, авторский костюм, танцы, дефиле, караоке",нет,https://anime-conventions.ru/cities/2022.html,-,косплей,аниме,Just-dance
1/30/2022,1/30/2022,Могилёв,Anime Festival 1.0 ,"косплей, настольные игры, K-POP, аниме, комиксы",12+,https://anime-conventions.ru/cities/2022.html,Наруто,настольные игры,мастер-классы,K-pop
2/5/2022,2/5/2022,Екатеринбург,АзияБриз Зима: Миры Миядзаки,"Хаяо Миядзаки, косплей, мастер-классы, игры, кино, аниме, комиксы, ",нет,https://anime-conventions.ru/cities/2022.html,Хаяо Миядзаки,косплей,мастер-классы,-
2/5/2022,2/5/2022,Новосибирск,That Fest ,"дефиле, Cover Dance, караоке, сценические постановки",нет,https://anime-conventions.ru/cities/2022.html,-,косплей,ярмарка,Cover-dance
2/6/2022,2/6/2022,Уфа,AniCos UfA ,"аниме, косплей",нет,https://anime-conventions.ru/cities/2022.html,-,косплей,аниме,-
2/12/2022,2/12/2022,Тула,Yuki no Odori (YnO) ,"аниме, игры, косплей, другие миры",нет,https://anime-conventions.ru/cities/2022.html,-,косплей,аниме,-
2/13/2022,2/13/2022,Белгород,KAGAMI FEST,"дефиле, Genshin Impact, День Святого Валентина",нет,https://anime-conventions.ru/cities/2022.html,Genshin Impact,косплей,ярмарка,-
2/13/2022,2/13/2022,Минск,Кампай. День влюблённых ,"аниме, кей-поп, настольные игры, Just Dance, Акио Ю, косплей",6+,https://anime-conventions.ru/cities/2022.html,-,настольные игры,ярмарка,Just-dance
2/19/2022,2/19/2022,Москва,Sofa | Free | Time Fest |,"Косплей, ярмарка, Клинок рассекающий демонов",нет,https://anime-conventions.ru/cities/2022.html,"Клинок, рассекающий демонов",косплей,ярмарка,-
2/19/2022,2/19/2022,онлайн,Mini-fest contest,"Косплей, медиа-конкурс, ",нет,https://anime-conventions.ru/cities/2022.html,-,косплей,-,-
2/27/2022,2/27/2022,Миасс,АНИМЕФЕСТ,"аниме, косплей- шоу, кавер данс",нет,https://anime-conventions.ru/cities/2022.html,-,косплей,аниме,Cover-dance
3/6/2022,3/6/2022,Барнаул,New Genesis Fest || NGF ,"Neon Genesis Evangelion, косплей-дефиле, Cover Dance, караоке, Mortal Kombat, DnD, ",14+,https://anime-conventions.ru/cities/2022.html,Neon Genesis Evangelion,косплей,аниме,караоке
3/13/2022,3/13/2022,Архангельск,GemFest ,"мультифандом, японская анимация, косплей, световое шоу, танцы, вокал, ярмарка",12+,https://anime-conventions.ru/cities/2022.html,-,косплей,ярмарка,-
3/13/2022,3/13/2022,Москва,Toosyao Anime Festival ,"косплей, аниме, компьютерные игры, дефиле, настольные игры, ",нет,https://anime-conventions.ru/cities/2022.html,-,настольные игры,аниме,-
3/13/2022,3/13/2022,Новосибирск,NEET & WORK Waifu Fest,"День всех влюбленных, Международный женский день, косплей дефиле, настольные игры, Just Dance",нет,https://anime-conventions.ru/cities/2022.html,-,косплей,мастер-классы,Just-dance
3/20/2022,3/20/2022,Уфа,KANICO: Любование Сакурой,"современная молодежная визуальная культура, аниме, косплей",нет,https://anime-conventions.ru/cities/2022.html,-,косплей,аниме,-
3/26/2022,3/26/2022,Комсомольск-на-Амуре,HaruHisuteri ,"косплей, злодеи",14+,https://anime-conventions.ru/cities/2022.html,-,косплей,-,-
4/2/2022,4/2/2022,Москва,Весенняя КОНСерва  — Genshin Impact Festival ,Genshin Impact,12+,https://anime-conventions.ru/cities/2022.html,Genshin Impact,косплей,ярмарка,-
4/9/2022,4/9/2022,Архангельск,Анимия ,"восточная культура, косплей",12+,https://anime-conventions.ru/cities/2022.html,-,косплей,-,-
4/9/2022,4/9/2022,Киров,RetroEva Party ,"Евангелион, косплей, аниме",12+,https://anime-conventions.ru/cities/2022.html,Neon Genesis Evangelion,косплей,аниме,-
4/16/2022,4/16/2022,Казань,Parikara ,"Советские мультфильмы, косплей дефиле, Cover-dance, Just Dance, НЕ восточные комиксы, фильмы, мультипликация",12+,https://anime-conventions.ru/cities/2022.html,-,косплей,комиксы,Cover-dance
4/16/2022,4/16/2022,Ярославль,FAP Lite 2,"косплей, ориджинал, street fashion, дефиле, cover dance",нет,https://anime-conventions.ru/cities/2022.html,-,косплей,-,Cover-dance
4/18/2022,4/24/2022,Пушкино,AKURAFEST ,"Ярмарка, косплей, аниме, азиатская культура",нет,https://anime-conventions.ru/cities/2022.html,-,косплей,аниме,-
4/22/2022,4/22/2022,Ачинск,Тайны Японии ,"Хаяо Миядзаки, традиционная японская чайная церемония, косплей, игра го, Just dance",нет,https://anime-conventions.ru/cities/2022.html,Хаяо Миядзаки,косплей,мастер-классы,Just-dance
4/23/2022,4/23/2022,Москва,ALTER FEST ,"косплея, аниме, компьютерные игры, фантастические вселенные, косплей-дефиле, Just Dance, настольные игры, ",нет,https://anime-conventions.ru/cities/2022.html,-,настольные игры,аниме,Just-dance
4/23/2022,4/23/2022,Москва,Tora Fest ,"японская поп-культура, косплей",12+,https://anime-conventions.ru/cities/2022.html,-,косплей,ярмарка,-
4/24/2022,4/24/2022,Краснодар,Hazard AniFest ,"аниме, настольные игры, косплей",нет,https://anime-conventions.ru/cities/2022.html,-,настольные игры,мастер-классы,-
5/1/2022,5/1/2022,Самара,Альянс Лисят - утерянные искры,"аниме, косплей",нет,https://anime-conventions.ru/cities/2022.html,-,косплей,аниме,-
5/8/2022,5/8/2022,Санкт-Петербург,CYBERMAF,"косплей, игры, аниме, Cover Dance, Cover Song, AMV",нет,https://anime-conventions.ru/cities/2022.html,-,косплей,ярмарка,Cover-dance
5/15/2022,5/15/2022,Москва,Тогучи,"косплей, аниме, манга, j-rock, уличная японская мода, фильмы, мультфильмы, книги, комиксы, знаменитости, исторический костюм, оригинальный авторский костюм, танцы, караоке",нет,https://anime-conventions.ru/cities/2022.html,-,косплей,комиксы,караоке
5/21/2022,5/21/2022,Дубна,AtomCosCon,"косплей, ролевые игры, настольные игры, ",нет,https://anime-conventions.ru/cities/2022.html,-,ролевые игры,мастер-классы,Cover-dance
5/21/2022,5/21/2022,Ульяновск,EoS Fest ,"дефиле, настольные игры, ",нет,https://anime-conventions.ru/cities/2022.html,-,настольные игры,ярмарка,-
5/22/2022,5/22/2022,Москва,Икигай ,"азиатская культура, традиционные настольные игры, дефиле, кей-поп, цигун",нет,https://anime-conventions.ru/cities/2022.html,-,настольные игры,мастер-классы,K-pop
5/29/2022,5/29/2022,Санкт-Петербург,iM-fFa Fest,"косплей, рисунки, аниме, мультфильмы, фильмы, музыка, театральные постановки, книги, комиксы",нет,https://anime-conventions.ru/cities/2022.html,-,косплей,комиксы,-
5/29/2022,5/29/2022,Симферополь,The lil-Fest | Simferopol | ,Genshin impact,14+,https://anime-conventions.ru/cities/2022.html,Genshin Impact,косплей,ярмарка,K-pop
5/29/2022,5/29/2022,Бишкек,BANZAI ,"аниме, косплей, J-pop, K-pop",нет,https://anime-conventions.ru/cities/2022.html,-,косплей,ярмарка,-
6/12/2022,6/12/2022,Уфа,UFA Multifest,"мультифандом, аниме, видеоигры, настольные игры",нет,https://anime-conventions.ru/cities/2022.html,-,настольные игры,аниме,караоке
6/18/2022,6/19/2022,Москва,Epic Con Russia ,"косплей, кино, компьютерные игры, Звездные Войны. Mandalorian Mercs - Red Fist Clan, Harry Potter, Магистр дьявольского культа, Warhammer 40k, Человек-Паук, Постапокалипсис от AFTER US, Чумная шестеренка, Bubble-fun, Roll to Win, МКЧД (Московская коллегия Чумных Докторов), Disney: Twisted-Wonderland, ""Майор Гром. Чумной Доктор"", ",нет,https://anime-conventions.ru/cities/2022.html,Гарри Поттер,косплей,комиксы,-
6/25/2022,6/25/2022,Петропавловск-Камчатский,АртаКон ,"Рик и Морти, Аркейн, косплей, фантастика, кино",нет,https://anime-conventions.ru/cities/2022.html,Аркейн,косплей,аниме,-
6/25/2022,6/25/2022,Шуя,TOPiCON ,"косплей, Cover Dance, караоке, аниме, мультики, сериалы, фильмы, манга, комиксы",нет,https://anime-conventions.ru/cities/2022.html,-,косплей,мастер-классы,Cover-dance
7/3/2022,7/3/2022,Санкт-Петербург,Окинава ,"косплей, аниме, настольные игры, горничные, опенинги, k-pop, genshin, Дженга, Уно, Монополия, дефиле, ",нет,https://anime-conventions.ru/cities/2022.html,Genshin Impact,настольные игры,аниме,K-pop
7/3/2022,7/3/2022,Симферополь,Заполярье,"Мультифэндом, аниме, косплей, аллея авторов",нет,https://anime-conventions.ru/cities/2022.html,-,косплей,мастер-классы,-
7/16/2022,7/16/2022,Калуга,Mira Kamen Convention,"компьютерные игры, кино, сериалы, книги, комиксы, Just Dance",нет,https://anime-conventions.ru/cities/2022.html,-,косплей,мастер-классы,Just-dance
7/16/2022,7/17/2022,Санкт-Петербург,AniCon Festival,"косплей, аниме, мультфильмы, комиксы, сериалы, фильмы, книги, игры, AMV/FMV, Cosplay, Dance",нет,https://anime-conventions.ru/cities/2022.html,-,косплей,мастер-классы,-
7/16/2022,7/16/2022,Щёлково,ТРИФЕСТ ,"аниме, настольные игры, косплей дефиле, ",нет,https://anime-conventions.ru/cities/2022.html,-,настольные игры,мастер-классы,-
7/17/2022,7/17/2022,Москва,BSD-event,Великий из бродячих псов,нет,https://anime-conventions.ru/cities/2022.html,Великий из бродячих псов,ролевые игры,ярмарка,-
7/24/2022,7/24/2022,Москва,Tora Fest ,"японская поп-культура,  ",12+,https://anime-conventions.ru/cities/2022.html,-,косплей,ярмарка,-
7/24/2022,7/24/2022,Санкт-Петербург,OIL FEST | SPB,"косплей, танцы, дефиле",нет,https://anime-conventions.ru/cities/2022.html,-,косплей,аниме,Just-dance
7/30/2022,7/30/2022,Димитровград,MIZUKI FEST ,"косплей, cover dance, вокал, аллея авторов",нет,https://anime-conventions.ru/cities/2022.html,-,косплей,ярмарка,Cover-dance
7/31/2022,7/31/2022,Москва,Toosyao Anime Festival ,"аниме, видеоигры, настольные игры, косплей, Cover Dance, ",нет,https://anime-conventions.ru/cities/2022.html,-,настольные игры,аниме,Cover-dance
8/6/2022,8/6/2022,Екатеринбург,АзияБриз: Подземелья и Драконы ,"игры, кино, аниме, комиксы, Cover-dance, K-pop dance, косплей, дефиле, ",нет,https://anime-conventions.ru/cities/2022.html,-,косплей,мастер-классы,K-pop
8/13/2022,8/14/2022,Липецк,Imagiro,"косплей, настольные игры, мультифандомный фестиваль",нет,https://anime-conventions.ru/cities/2022.html,-,настольные игры,мастер-классы,-
8/13/2022,8/14/2022,Москва,J-Rock Конвент,"современная азиатская музыка, косплей, кавер-дэнс, караоке",нет,https://anime-conventions.ru/cities/2022.html,-,косплей,ярмарка,Cover-dance
8/13/2022,8/14/2022,Новосибирск,Taiyou no Matsuri ,"косплей, k-pop cover dance, комиксы, анимация, фэнтези в кино, игры, караоке, dance-конкурсы, вокально-инструментальные конкурсы",нет,https://anime-conventions.ru/cities/2022.html,-,косплей,аниме,K-pop
8/14/2022,8/14/2022,Москва,Свет/Тьма Аниме и К-поп пати ,"аниме, косплей, настольные игры",6+,https://anime-conventions.ru/cities/2022.html,-,настольные игры,аниме,K-pop
8/14/2022,8/14/2022,Санкт-Петербург,Akita's Fest SPB ,гик-культура,нет,https://anime-conventions.ru/cities/2022.html,-,-,-,-
8/20/2022,8/20/2022,Тольятти,Animation Zone ,"современная культура, конкурсы, караоке, косплей, coverdance, вокальные номера, флешмоб JustDance, джаггер, Игра в кальмара",18+,https://anime-conventions.ru/cities/2022.html,Игра в кальмара,косплей,ярмарка,Just-dance
8/27/2022,8/28/2022,Москва,FFP MSK | TRIPLE F ,"косплей, сериалы, фильмы, аниме, комиксы, мангу, k-pop, книги, игры, Шрек",16+,https://anime-conventions.ru/cities/2022.html,Шрек,косплей,комиксы,K-pop
9/3/2022,9/3/2022,Москва,Taiko in-Spiration,"Японское барабанное шоу - кото, сямисэн, сякухати, фуэ",нет,https://anime-conventions.ru/cities/2022.html,-,-,-,-
9/9/2022,9/9/2022,Ярославль,ANIME GRINDHOUSE ,японская анимация,18+,https://anime-conventions.ru/cities/2022.html,-,-,аниме,-
9/17/2022,9/17/2022,Москва,ПИРАТСКАЯ АНИМЕ И K-POP ПАТИ ,"Пираты, косплей, ди-джеи: Тсунаде, Дядя Кирилл, Дог, Сластена, Ред, Зи, настольные игры",18+,https://anime-conventions.ru/cities/2022.html,-,косплей,аниме,K-pop
9/17/2022,9/17/2022,Щёлково,ТРИ ФЕСТ anime party,"квиз, викторины, конкурсы, мастер-классы, настольные игры",нет,https://anime-conventions.ru/cities/2022.html,-,настольные игры,мастер-классы,-
9/18/2022,9/18/2022,Санкт-Петербург,Сны о Сумеру | Genshin impact в поместье,"Genshin impact, настольные игры",нет,https://anime-conventions.ru/cities/2022.html,Genshin Impact,настольные игры,аниме,-
9/24/2022,9/24/2022,Москва,Tokrev Fest ,аниме/манга «Токийские Мстители»,14+,https://anime-conventions.ru/cities/2022.html,Токийские Мстители,косплей,ярмарка,-
9/24/2022,9/24/2022,Уссурийск,Dream Zone ,"Азиатские игры, неазиатские игры, дефиле",нет,https://anime-conventions.ru/cities/2022.html,-,косплей,аниме,-
9/25/2022,9/25/2022,Волгоград,Японский ШкАФ ,"Япония, манга, аниме, комиксы, анимация, мультфильмы, Семь обличий Ямато-Надэсико",нет,https://anime-conventions.ru/cities/2022.html,-,-,комиксы,-
9/25/2022,9/25/2022,Москва,ISEKAI FEST ,"Jackie-O, аниме, косплей, Джаст Денс",нет,https://anime-conventions.ru/cities/2022.html,-,косплей,аниме,Just-dance
9/25/2022,9/25/2022,Москва,Ближайшая Пиратская аниме и к-поп пати ,"Пираты Карибского моря, аниме, косплей",6+,https://anime-conventions.ru/cities/2022.html,Genshin Impact,косплей,аниме,-
10/1/2022,10/1/2022,Санкт-Петербург,Вечеринка от RP - Genshin impact v.2.0,Genshin impact,нет,https://anime-conventions.ru/cities/2022.html,Genshin Impact,косплей,аниме,Just-dance
10/8/2022,10/31/2022,Москва,Выставка в стиле аниме | ЧЕРТАНОВО АРТ,"аниме, художественные работы",нет,https://anime-conventions.ru/cities/2022.html,-,-,мастер-классы,-
10/16/2022,10/16/2022,Москва,Аниме и к-поп пати ,"Аниме, настольные игры, косплей",6+,https://anime-conventions.ru/cities/2022.html,Genshin Impact,настольные игры,аниме,-
10/18/2022,10/18/2022,Москва,Аниме и K-pop пати,"K-POP, ди-джеи: Тсунаде, Дядя Кирилл, Дог, Сластена, Ред, Зи, Электроник, настольные игры, аниме, косплей",18+,https://anime-conventions.ru/cities/2022.html,-,косплей,аниме,K-pop
10/22/2022,10/22/2022,Москва,M.I.B. Аниме и K-pop пати ,Люди в черном,18+,https://anime-conventions.ru/cities/2022.html,Люди в черном,ролевые игры,аниме,K-pop
10/29/2022,10/29/2022,Рязань,Кошмар на Фабрике ,Ведьмы,12+,https://anime-conventions.ru/cities/2022.html,-,-,мастер-классы,Cover-dance
10/29/2022,10/29/2022,Ярославль,Kami Party | Halloween,"азиатская музыка, косплей, каверденс, караоке",нет,https://anime-conventions.ru/cities/2022.html,-,-,-,Cover-dance
10/30/2022,10/30/2022,Самара,Безумный пир Доллахана ,"Косплей дефиле, каверденс, вокальные выступления",12+,https://anime-conventions.ru/cities/2022.html,-,косплей,-,Cover-dance
10/30/2022,10/30/2022,Санкт-Петербург,Фестиваль «Призрачный город»,"Основатель тёмного пути, Sirin Tribe",16+,https://anime-conventions.ru/cities/2022.html,-,ролевые игры,аниме,-
10/30/2022,10/30/2022,Санкт-Петербург,Фестиваль Окинава,Хэллоуин,нет,https://anime-conventions.ru/cities/2022.html,-,косплей,аниме,-
11/5/2022,11/5/2022,Киров,Halloween Oni Party,"Хеллоуин, азиатская музыка, óни, цуру, аякаси, ёкаи",нет,https://anime-conventions.ru/cities/2022.html,-,косплей,ярмарка,-
11/5/2022,11/5/2022,Москва,Аниме К-поп и Геншин Хэллоуин от НЯпати ,"Хеллоуин, аниме, Genshin Impact",18+,https://anime-conventions.ru/cities/2022.html,Genshin Impact,настольные игры,аниме,K-pop
11/5/2022,11/5/2022,Ярославль,FAP Lite 3,"косплей-дефиле, street fashion, cover dance",нет,https://anime-conventions.ru/cities/2022.html,-,косплей,-,Cover-dance
11/6/2022,11/6/2022,Санкт-Петербург,Фестиваль Хоккайдо ,"косплей, горничные, настольные игры",12+,https://anime-conventions.ru/cities/2022.html,-,настольные игры,-,-
11/12/2022,11/12/2022,Казань,Yokai Kabuki / Злодеи! ,Злодеи,12+,https://anime-conventions.ru/cities/2022.html,-,косплей,аниме,караоке
11/12/2022,11/13/2022,Санкт-Петербург,HALLOWEEN FFP | TRIPLE F ,Free fandom party,14+,https://anime-conventions.ru/cities/2022.html,-,косплей,мастер-классы,Cover-dance
11/13/2022,11/13/2022,Екатеринбург,ГотикФест - Фестиваль современной визуальной культуры ,"мистика, ужасы, хоррор",18+,https://anime-conventions.ru/cities/2022.html,-,-,ярмарка,-
11/13/2022,11/13/2022,Москва,CONserva ,Genshin Impact,12+,https://anime-conventions.ru/cities/2022.html,Genshin Impact,косплей,мастер-классы,Cover-dance
11/19/2022,11/19/2022,Пенза,Hikari FEST,"азиатская культура, аниме, косплей, танцы",нет,https://anime-conventions.ru/cities/2022.html,-,косплей,аниме,Cover-dance
11/20/2022,11/20/2022,Москва,Фестиваль косплея Тогучи ,"аниме, манга, j-rock, уличная японская мода, фильмы, мультфильмы, книги, комиксы, знаменитости, исторический костюм, косплей",12+,https://anime-conventions.ru/cities/2022.html,-,косплей,аниме,караоке
11/20/2022,11/20/2022,Москва,Аниме К-поп Геншин Хэллоуин от НЯпати ,"Genshin Impact, K-pop",10+,https://anime-conventions.ru/cities/2022.html,Genshin Impact,настольные игры,аниме,K-pop
11/25/2022,11/25/2022,Москва,Галантная Аниме и К-поп пати от НЯпати! ,"косплей, настольные игры, аниме-свадьбы",18+,https://anime-conventions.ru/cities/2022.html,-,настольные игры,аниме,K-pop
11/26/2022,11/27/2022,Нижний Новгород,ANIMANIA: Часть XIX. ,"современная или традиционная культура стран Азии (Японии, Южной Кореи),  игры, фильмы, книги не азиатского производства",нет,https://anime-conventions.ru/cities/2022.html,-,косплей,мастер-классы,-
11/27/2022,11/27/2022,Белгород,HATORY FEST ,"косплей - дефиле, К-pop",нет,https://anime-conventions.ru/cities/2022.html,-,косплей,аниме,K-pop
11/27/2022,11/27/2022,Санкт-Петербург,BAYAN DREAMERS GEEK PARTY ,"альтернатива, зарубежный и отечественный рок, аниме, K-Pop",16+,https://anime-conventions.ru/cities/2022.html,-,-,аниме,K-pop
12/3/2022,12/3/2022,Москва,DraCon | ДраКон,мультифандом,нет,https://anime-conventions.ru/cities/2022.html,-,косплей,комиксы,-
12/3/2022,12/3/2022,Челябинск,BRO'S FEST ,"аниме, молодежная культура",нет,https://anime-conventions.ru/cities/2022.html,-,-,аниме,Just-dance
12/4/2022,12/4/2022,Кемерово,Yori Geek Event ,Genshin Impact,нет,https://anime-conventions.ru/cities/2022.html,Genshin Impact,настольные игры,ярмарка,-
12/4/2022,12/4/2022,Москва,FLEXпати от НЯпати ,"Аниме, К-поп, Genshin Impact",10+,https://anime-conventions.ru/cities/2022.html,Genshin Impact,настольные игры,-,K-pop
12/10/2022,12/10/2022,Минск,XIII.by - WE16 ,восточноазиатская культура,3+,https://anime-conventions.ru/cities/2022.html,-,-,-,-
12/11/2022,12/11/2022,Щёлково,АРТ маркет три ,"ярмарка, аниме, мультфильмы, игры, Genshin Impact",0+,https://anime-conventions.ru/cities/2022.html,Genshin Impact,ролевые игры,мастер-классы,караоке
12/17/2022,12/17/2022,Москва,Аниме К-поп и Геншин Новый Год НЯпати ,"Аниме, К-поп, Genshin Impact",10+,https://anime-conventions.ru/cities/2022.html,Genshin Impact,косплей,ярмарка,-
12/17/2022,12/18/2022,Ростов-на-Дону,ФИВИ на Дону,"аниме, Genshin Impact",нет,https://anime-conventions.ru/cities/2022.html,Genshin Impact,косплей,мастер-классы,-
12/24/2022,12/24/2022,Санкт-Петербург,New Kanon Fest ,косплей,нет,https://anime-conventions.ru/cities/2022.html,-,косплей,аниме,-
12/25/2022,12/25/2022,Москва,Genshin Party ,Genshin Impact,12+,https://anime-conventions.ru/cities/2022.html,Genshin Impact,ролевые игры,аниме,Just-dance
12/27/2022,12/27/2022,Белгород,HATORY FEST,японская культура,нет,https://anime-conventions.ru/cities/2022.html,Genshin Impact,косплей,ярмарка,Cover-dance
12/30/2022,12/30/2022,Москва,Новый год Аниме К-поп и геншин НЯпати пати ,"аниме, настольные игры, косплей",18+,https://anime-conventions.ru/cities/2022.html,Genshin Impact,настольные игры,аниме,K-pop
1/8/2023,1/8/2023,Самара,Moon Flower ,"косплей, сериалы, фильмы, аниме, комиксы, манга, k-pop, книги, игры",нет,https://anime-conventions.ru/cities/2023.html,-,косплей,комиксы,Cover-dance
1/8/2023,1/8/2023,Сочи,NovFest ,аниме,нет,https://anime-conventions.ru/cities/2023.html,-,косплей,аниме,-
1/14/2023,1/14/2023,Воронеж,Happy Matsuri ,"аниме, K-pop, игры, фильмы, комиксы и сериалы",12+,https://anime-conventions.ru/cities/2023.html,-,косплей,комиксы,K-pop
1/14/2023,1/14/2023,Москва,Старый новый год аниме к-поп и Геншин пати ,"аниме, K-pop, игры",18+,https://anime-conventions.ru/cities/2023.html,-,ролевые игры,ярмарка, K-pop
1/14/2023,1/15/2023,Минск,Тёмные материи,"фантастика, фентези, настольные и компьютерные игры", 13+,https://anime-conventions.ru/cities/2023.html,-,ролевые игры,ярмарка,-
1/21/2023,1/21/2023,Белгород,HATORY FEST ,"аниме, K-pop, игры, фильмы, комиксы и сериалы",нет,https://anime-conventions.ru/cities/2023.html,-,косплей,аниме,-
1/21/2023,1/21/2023,Москва,AnyFair vol.4. ,"фантастика, комиксы, настольные и компьютерные игры",нет,https://anime-conventions.ru/cities/2023.html,-,косплей,комиксы,-
1/21/2023,1/21/2023,Ульяновск,O.B.G. Fest ,"аниме, K-pop, игры, фильмы, комиксы и сериалы",нет,https://anime-conventions.ru/cities/2023.html,-,косплей,комиксы,Cover-dance
1/22/2023,1/22/2023,Москва, Аниме К-поп Геншин вечеринка от НЯпати ,"аниме, K-pop, Genshin Impact",10+,https://anime-conventions.ru/cities/2023.html,-,ролевые игры,ярмарка,K-pop
1/28/2023,1/28/2023,Екатеринбург,Симфоническое Аниме Легенды и фантазии ,аниме,нет,https://anime-conventions.ru/cities/2023.html,-,-,аниме,-
1/28/2023,1/28/2023,Иркутск,Baikal Geek Con: Arcane," кино, сериалы, манга, комиксы, анимации и видеоигры",нет,https://anime-conventions.ru/cities/2023.html,-,настольные игры,ярмарка,K-pop
1/29/2023,1/29/2023,Краснодар,mUrks festival ,"аниме, косплей, игры",нет,https://anime-conventions.ru/cities/2023.html,-,ролевые игры,комиксы,-
2/11/2023,2/12/2023,Москва,BIG FFP | TRIPLE F ,"косплей, сериалы, фильмы, аниме, комиксы, манга, k-pop, книги, игры",16+,https://anime-conventions.ru/cities/2023.html,-,косплей,аниме,K-pop
2/11/2023,2/11/2023,Москва,Аниме К-поп Геншин вечеринка от НЯпати ,"аниме, настольные игры, косплей, Genshin Impact, K-pop",10+,https://anime-conventions.ru/cities/2023.html,-,ролевые игры,ярмарка,K-pop
2/12/2023,2/12/2023,Самара,DRAGONlight ,"аниме, сериалы, фильмы, комиксы, книги, игры и музыка",12+,https://anime-conventions.ru/cities/2023.html,-,косплей,аниме,Cover-dance
2/12/2023,2/12/2023,Санкт-Петербург,Kanon Fest ,"косплей, сериалы, фильмы, аниме, комиксы, манга, игры",нет,https://anime-conventions.ru/cities/2023.html,-,косплей,комиксы,Cover-dance
2/18/2023,2/18/2023,Санкт-Петербург,НЯН КОН,"косплей, сериалы, фильмы, аниме, комиксы, манга, k-pop, книги, игры",нет,https://anime-conventions.ru/cities/2023.html,-,косплей,аниме,K-pop
2/18/2023,2/18/2023,Челябинск,MOCon ,"косплей, сериалы, фильмы, аниме, комиксы, манга, k-pop, книги, игры",нет,https://anime-conventions.ru/cities/2023.html,-,косплей,ярмарка,Cover-dance
2/25/2023,2/25/2023,Иркутск,Комикон байкал ,"косплей, сериалы, фильмы, аниме, комиксы, манга, k-pop, книги, игры",12+,https://anime-conventions.ru/cities/2023.html,-,ролевые игры,комиксы,K-pop
2/26/2023,2/26/2023,Санкт-Петербург,KrutkaCon - Genshin Impact ,Genshin Impact,нет,https://anime-conventions.ru/cities/2023.html,Genshin Impact,косплей,ярмарка,-
3/25/2023,3/25/2023,Ростов-на-Дону,Нян-фест ,"косплей, сериалы, фильмы, аниме, комиксы, манга, k-pop, книги, игры",нет,https://anime-conventions.ru/cities/2023.html,-,настольные игры,аниме,Cover-dance
3/26/2023,3/26/2023,Санкт-Петербург,Фестиваль Хоккайдо,"косплей, сериалы, фильмы, аниме, комиксы, манга, k-pop",нет,https://anime-conventions.ru/cities/2023.html,-,косплей,ярмарка,K-pop
4/8/2023,4/8/2023,Архангельск,Фестиваль восточной культуры Анимия ,восточная культура,нет,https://anime-conventions.ru/cities/2023.html,-,косплей,комиксы,Cover-dance
4/8/2023,4/8/2023,Москва,Аниме К-поп и Геншин пати от НЯпати ,"косплей, сериалы, фильмы, аниме, комиксы, манга, k-pop, книги, игры",18+,https://anime-conventions.ru/cities/2023.html,-,ролевые игры,аниме,K-pop
4/8/2023,4/8/2023,Москва,Тянься Фест ,Китайские фандомы,16+,https://anime-conventions.ru/cities/2023.html,-,настольные игры,ярмарка,-
4/9/2023,4/9/2023,Санкт-Петербург,Третий Kanon Fest,"косплей, аниме, комиксы, манга",нет,https://anime-conventions.ru/cities/2023.html,-,косплей,ярмарка,-
4/15/2023,4/15/2023,Киров,Genshin Event ,Genshin Impact,12+,https://anime-conventions.ru/cities/2023.html,Genshin Impact,ролевые игры,ярмарка,-
4/20/2023,10/1/2023,Санкт-Петербург,Искусство Манга (The Art of Manga),Манга,нет,https://anime-conventions.ru/cities/2023.html,-,-,-,-
4/23/2023,4/23/2023,Москва,Фестиваль азиатской культуры «Икигай» ,"азиатская культура, аниме, косплей, танцы",нет,https://anime-conventions.ru/cities/2023.html,-,косплей,комиксы,-
4/23/2023,4/23/2023,Ханты-Мансийск,Geek Green Fest  ,"экология, аниме, манга, настольные и видеоигры",12+,https://anime-conventions.ru/cities/2023.html,-,настольные игры,ярмарка,Cover-dance
5/1/2023,5/1/2023,Москва,Драконий пик ,Фестиваль китайской культуры,нет,https://anime-conventions.ru/cities/2023.html,-,косплей,ярмарка,Cover-dance
5/6/2023,5/6/2023,Пенза,Ajisai ,косплей,нет,https://anime-conventions.ru/cities/2023.html,-,настольные игры,аниме,Cover-dance
5/13/2023,5/13/2023,Москва,Аниме К-поп Геншин вечеринка от НЯпати,"косплей, сериалы, фильмы, аниме, комиксы, манга, k-pop, книги, игры",18+,https://anime-conventions.ru/cities/2023.html,-,косплей,комиксы,K-pop
5/14/2023,5/14/2023,Санкт-Петербург,Hanami festival ,"косплей, аниме, комиксы, манга, игры",нет,https://anime-conventions.ru/cities/2023.html,-,ролевые игры,ярмарка,-
5/20/2023,5/20/2023,Москва,Аниме К-поп и Геншин пати от НЯпати ,"косплей, сериалы, фильмы, аниме, комиксы, манга, k-pop, книги, игры",18+,https://anime-conventions.ru/cities/2023.html,-,косплей,аниме,K-pop
5/20/2023,5/21/2023,Ярославль,FAP. Festival of Asian Popular culture ,"косплей, сериалы, фильмы, аниме, комиксы, манга, k-pop, книги, игры",12+,https://anime-conventions.ru/cities/2023.html,-,косплей,ярмарка,Cover-dance
5/21/2023,5/21/2023,Волгоград,ЧитальНЯ 7 -,"косплей, танцы, караоке, фанфикшен, пение, рисование и чтение", 6+,https://anime-conventions.ru/cities/2023.html,-,косплей,комиксы,-
5/21/2023,5/21/2023,Симферополь,The lil-Fest ~ Wonderland ~ ,"аниме, мультфильмы, K-pop",14+,https://anime-conventions.ru/cities/2023.html,-,косплей,ярмарка,K-pop
6/10/2023,6/11/2023,Воронеж,VRNCon ,"косплей, сериалы, фильмы, аниме, комиксы, манга",нет,https://anime-conventions.ru/cities/2023.html,-,косплей,комиксы,-
6/17/2023,6/17/2023,Калининград,ANI-K!summer ,"косплей, сериалы, фильмы, аниме, комиксы, манга, k-pop, книги, игры",12+,https://anime-conventions.ru/cities/2023.html,-,косплей,аниме,Cover-dance
6/18/2023,6/18/2023,Москва,Sofa 9 - ,"косплей, сериалы, фильмы, аниме, комиксы, манга, k-pop, книги, игры",12+,https://anime-conventions.ru/cities/2023.html,-,настольные игры,аниме,K-pop
6/18/2023,6/18/2023,Москва,EverlastingFest ,Советские фандомы,нет,https://anime-conventions.ru/cities/2023.html,-,косплей,ярмарка,-
6/18/2023,6/18/2023,Санкт-Петербург,Kanon Fest,"косплей, сериалы, фильмы, аниме, комиксы, манга, k-pop, книги, игры",нет,https://anime-conventions.ru/cities/2023.html,-,ролевые игры,ярмарка,Cover-dance
7/1/2023,7/1/2023,Липецк,Alice in Wonderland/J-con/,Алиса в стране чудес,нет,https://anime-conventions.ru/cities/2023.html,Алиса в стране чудес,косплей,ярмарка,Cover-dance
7/8/2023,7/8/2023,Москва,Hao Fest ,Китайская культура,нет,https://anime-conventions.ru/cities/2023.html,-,настольные игры,ярмарка,-
7/9/2023,7/9/2023,Оренбург,BIG TOKYO FEST ,Японские мифы,0+,https://anime-conventions.ru/cities/2023.html,-,косплей,ярмарка,Cover-dance
7/9/2023,7/9/2023,Санкт-Петербург,Фестиваль Хоккайдо ,Аниме и косплей,нет,https://anime-conventions.ru/cities/2023.html,-,косплей,ярмарка,-
7/15/2023,7/15/2023,Екатеринбург,Yusagi Fest ,Виртуальные айдолы,12+,https://anime-conventions.ru/cities/2023.html,-,ролевые игры,аниме,K-pop
7/15/2023,7/15/2023,Калуга,Mira Kamen Convention ,косплеи и танцевальные постановки,16+,https://anime-conventions.ru/cities/2023.html,-,-,яркарка,Just-dance
7/15/2023,7/15/2023,Красноярск,Fuurin Fantasy Fest ,"косплей, дефиле, cover dance",нет,https://anime-conventions.ru/cities/2023.html,-,-,-,-
7/15/2023,7/16/2023,Ростове-на-Дону,Танибата ,Косплей-шоу,12+,https://anime-conventions.ru/cities/2023.html,-,-,ярмарка,-
7/22/2023,7/22/2023,Санкт-Петербург,Hanami fest,"Аниме, игры",нет,https://anime-conventions.ru/cities/2023.html,-,косплей,ярмарка,-
7/29/2023,7/29/2023,Москва,НЯН КОН,Замурчательный гик-конвент,нет,https://anime-conventions.ru/cities/2023.html,-,косплей,-,-
8/5/2023,8/5/2023,Самара,Moon Flower ,"cover dance, косплей",нет,https://anime-conventions.ru/cities/2023.html,-,,-,Cover-dance
8/19/2023,8/19/2023,Москва, UnityCon,"Фантастика, фильмы и игры",нет,https://anime-conventions.ru/cities/2023.html,-,-,-,-
8/19/2023,8/19/2023,Москва,АРТМИФ ,"аниме культура Японии, к-pop музыка, танцы Южной Кореи, традиции и обычаи Китая, косплей, дефиле, арт-маркет, комиксы, настольные игры",нет,https://anime-conventions.ru/cities/2023.html,-,косплей,мастер-классы,K-pop
8/20/2023,8/20/2023,Киров,OHAYO FEST ,"косплей, вокал, cover dance, ярмарки",16+,https://anime-conventions.ru/cities/2023.html,-,косплей,ярмарка,Cover-dance
8/20/2023,8/20/2023,Москва,Yottari fest ,Косплей-дефиле,14+,https://anime-conventions.ru/cities/2023.html,-,косплей,аниме,-
8/25/2023,8/25/2023,Псков,Sakura Fest,"азиатская культура, аниме, косплей",нет,https://anime-conventions.ru/cities/2023.html,-,косплей,аниме,-
8/26/2023,8/26/2023,Москва,J-Rock Конвент ,Рок-музыка,нет,https://anime-conventions.ru/cities/2023.html,-,косплей,-,Cover-dance
9/2/2023,9/3/2023,Москва,СТАРКОН ,"косплей, кино, фантастика, поп культура",нет,https://anime-conventions.ru/cities/2023.html,-,настольные игры,ярмарка,-
9/8/2023,9/10/2023,Минск,UniCon & Game Expo ,"фантастика,фэнтези",нет,https://anime-conventions.ru/cities/2023.html,-,косплей,мастер-классы,-
9/9/2023,9/9/2023,Челябинск,MOCon: Магия вне Хогвартса,Гарри-Поттер,нет,https://anime-conventions.ru/cities/2023.html,-,косплей,ярмарка,Cover-dance
9/17/2023,9/17/2023,Волгоград,FEST frogs and bunny ,Лягушки и кролики,12+,https://anime-conventions.ru/cities/2023.html,-,косплей,ярмарка,K-pop
9/17/2023,9/17/2023,Санкт-Петербург,PawParty ,аниме,16+,https://anime-conventions.ru/cities/2023.html,-,-,-,-
9/17/2023,9/17/2023,Тольятти,АнимэДзин ФЕСТ ,Научная выставка,12+,https://anime-conventions.ru/cities/2023.html,-,косплей,-,Cover-dance
9/24/2023,9/24/2023,Одинцово,Tonakai Festival ,"настольные игры, Just Dance",16+,https://anime-conventions.ru/cities/2023.html,-,настольные игры,-,Just-dance
9/28/2023,10/1/2023,Хабаровск,Анимур ,Анимация,нет,https://anime-conventions.ru/cities/2023.html,-,-,-,-
9/30/2023,9/30/2023,Казань,Yokai Matsuri ,"аниме, косплей",6+,https://anime-conventions.ru/cities/2023.html,-,косплей,аниме,караоке
10/14/2023,10/14/2023,Киров,Umami Maid Party ,"аниме «Садистская смесь», горничные, дворецкие",12+,https://anime-conventions.ru/cities/2023.html,Садистская смесь,ролевые игры,ярмарка,-
10/14/2023,10/15/2023,Москва,Epic Con Russia ,Компьютерные игры,нет,https://anime-conventions.ru/cities/2023.html,-,настольные игры,ярмарка,Just-dance
10/22/2023,10/22/2023,Москва,Tengu Fest ,Японская мифология,14+,https://anime-conventions.ru/cities/2023.html,-,косплей,-,-
10/28/2023,10/28/2023,Москва,Nightmare Pony Night,Ночь Кошмаров в Понивиль,нет,https://anime-conventions.ru/cities/2023.html,My Little Pony,косплей,ярмарка,-
11/3/2023,11/3/2023,Москва,"Аниме, К-поп Геншин пати от НЯпати ",Геншин вечеринка,18+,https://anime-conventions.ru/cities/2023.html,Genshin Impact,косплей,ярмарка,-
11/4/2023,11/4/2023,Калининград,ANI-K! ,"клуб саберфайтинга «Анклав», фехтование, световые мечи, «Звёздные войны»",16+,https://anime-conventions.ru/cities/2023.html,-,косплей,ярмарка,Cover-dance
11/11/2023,11/11/2023,Магнитогорск,Нацу Мацури ,"косплей, кавер дэнс, вокал",12+,https://anime-conventions.ru/cities/2023.html,-,косплей, -,Cover-dance
11/12/2023,11/12/2023,Москва,Тогучи ,Востояные традиции,нет,https://anime-conventions.ru/cities/2023.html,-,косплей,ярмарка,караке
11/12/2023,11/12/2023,Санкт-Петербург,Hanami Halloween ,"горничные, настольные игры",нет,https://anime-conventions.ru/cities/2023.html,-,настольные игры,ярмарка,-
11/18/2023,11/18/2023,Пенза,Hikari FEST,"азиатская культура, косплей",нет,https://anime-conventions.ru/cities/2023.html,-,косплей,ярмарка,Cover-dance
11/19/2023,11/19/2023,Москва,Хатсунэ reunion ,"каверденс, аллея авторов",6+,https://anime-conventions.ru/cities/2023.html,-, -,,Cover-dance
11/25/2023,11/25/2023,Тольятти,Кайга-fest,"молодежная азиатская культура, аниме, k-pop, видеоигры, настольные игры, just dance",нет,https://anime-conventions.ru/cities/2023.html,-,настольные игры,-,Just-dance
11/26/2023,11/26/2023,Москва,GeekVision ,"Sci-fi, комиксы, косплей, фантастическая литература, фэнтези-кино",нет,https://anime-conventions.ru/cities/2023.html,-,косплей, комиксы,-
11/26/2023,11/26/2023,Санкт-Петербург,iM-fFa Fest ,Великий шоумен,12+,https://anime-conventions.ru/cities/2023.html,Великий шоумен,-,аниме,-
12/2/2023,12/2/2023,Казань,Yokai Kabuki - Комедийная Арка ,"Произведения или персонажи, которые имеют прямое отношение к комедии и юмору",12+,https://anime-conventions.ru/cities/2023.html,-,косплей,аниме,караоке
12/9/2023,12/9/2023,Киров,UMAMI ,"мэйдо, горничные, аниме «Садистская смесь», дворецкие",12+,https://anime-conventions.ru/cities/2023.html,Садистская смесь,косплей,комиксы,-
12/9/2023,12/9/2023,Москва,MITSSURI ,Фестиваль азиатской культуры и аниме,12+,https://anime-conventions.ru/cities/2023.html,-,косплей,мастер-класс,-
12/9/2023,12/10/2023,Санкт-Петербург,AniCon XMAS ,"""Чёрное и Белое"", косплей, вокал",13+,https://anime-conventions.ru/cities/2023.html,-,косплей,ярмарка,-
12/9/2023,12/10/2023,Челябинск,URAL ASIAN FEST. Anime day ,"Хаяо Миядзаки - ""Мальчик и птица""",нет,https://anime-conventions.ru/cities/2023.html,Хаяо Миядзаки,-,аниме,-
12/10/2023,12/10/2023,Симферополь,The lil-Fest ~ Winter's Tale ~ ,"k-pop cover dance, косплей-дефиле",нет,https://anime-conventions.ru/cities/2023.html,-,косплей,аниме,K-pop
12/16/2023,12/16/2023,Уфа,NYAF ,"аниме, видеоигры, комиксы, кино, сериалы, настолки, k-pop",нет,https://anime-conventions.ru/cities/2023.html,-,настольные игры,комиксы,K-pop
12/17/2023,12/17/2023,Белгород,Новогодний фестиваль Лили-Мун 2023,Сейлор Мун,нет,https://anime-conventions.ru/cities/2023.html,Сейлор Мун,косплей,-,-
1/14/2024,1/14/2024,Нальчик,Аниме фестиваль『Ichi-Ni-San』,"аниме, к-поп, косплей",нет,https://anime-conventions.ru/cities/2024.html,-,косплей,аниме,K-pop
1/21/2024,1/21/2024,Москва,Фестиваль косплея Тогучи ,"Косплей, аниме, манга, j-rock, уличная японская мода, западная и российская индустрия кино, книг, комиксов",нет,https://anime-conventions.ru/cities/2024.html,-,косплей,"аниме, комиксы",-
1/27/2024,1/27/2024,Абакан,Fuyu no Tenshi - 冬の天使 ,"косплей, азиатская культура",нет,https://anime-conventions.ru/cities/2024.html,-,косплей,-,-
1/27/2024,1/27/2024,Екатеринбург,Yusagi Fest: Last Christmas ,"азиатская культура, гик-культура, косплей",нет,https://anime-conventions.ru/cities/2024.html,-,косплей,-,-
2/3/2024,2/3/2024,Новосибирск,Fuyu no Сosplay ,"косплей, комиксы, компьютерные игры, караоке",нет,https://anime-conventions.ru/cities/2024.html,-,косплей,комиксы,
2/3/2024,2/3/2024,Тула,Yuki no Odori 13,"восточно-азиатская культура, аниме, к-поп, косплей",нет,https://anime-conventions.ru/cities/2024.html,-,косплей,аниме,K-pop
2/10/2024,2/10/2024,Краснодар,Saint Valentine Anifest,косплей,нет,https://anime-conventions.ru/cities/2024.html,-,косплей,-,-
2/10/2024,2/10/2024,Москва,Аниме К-поп Геншин пати от НЯпати ,"аниме, к-поп, Genshin Impact, косплей, OST, Рок, настольные игры",18+,https://anime-conventions.ru/cities/2024.html,Genshin Impact,настольные игры,аниме,K-pop
2/17/2024,2/17/2024,Москва,Mi Amore Fest ,"My Little Pony, косплей, брони",14+,https://anime-conventions.ru/cities/2024.html,My Little Pony,косплей,-,-
2/17/2024,2/17/2024,Ростов-на-Дону,Косплей-шоу Нян-фест ,"аниме, к-поп, британские сериалы, отечественное и зарубежное фентези, классика, компьютерные игры, театр, литература",12+,https://anime-conventions.ru/cities/2024.html,-,-,аниме,K-pop
2/24/2024,2/24/2024,Вологда,ASIAVOL [VII] ,"азиатская культура, игры, комиксы, сериалы, косплей",12+,https://anime-conventions.ru/cities/2024.html,-,косплей,комиксы,-
2/24/2024,2/24/2024,Красноярск,Yuan Xiao Fest ,"азиатская культура, китайский Новый год",0+,https://anime-conventions.ru/cities/2024.html,-,-,-,-
2/24/2024,2/24/2024,Уфа,ANIKOS Божественное начало ,ГИК-культура,12+,https://anime-conventions.ru/cities/2024.html,-,-,-,-
3/2/2024,3/2/2024,Тольятти,ROCKZ ASIAN FEST ,"азиатская культура, аниме, косплей",нет,https://anime-conventions.ru/cities/2024.html,-,косплей,аниме,
3/3/2024,3/3/2024,Новосибирск,Bungou 7 Cats | FEST,"манга, косплей и аниме ""Бродячие псы""",нет,https://anime-conventions.ru/cities/2024.html,Великий из бродячих псов,косплей,аниме,-
3/9/2024,3/9/2024,Воронеж,Happy Matsuri ,"аниме, K-pop, игры, сериалы",12+,https://anime-conventions.ru/cities/2024.html,-,-,аниме,K-pop
3/10/2024,3/10/2024,Брест,Кампай Брест ,"аниме, косплей, к-поп, караоке, Just Dance, консольные игры PS4",12+,https://anime-conventions.ru/cities/2024.html,-,косплей,аниме,караоке
3/22/2024,3/22/2024,Москва,Аниме К-поп и Геншин пати от НЯпати ,"аниме, к-поп, Genshin Impact, косплей, OST, Рок, настольные игры",18+,https://anime-conventions.ru/cities/2024.html,Genshin Impact,настольные игры,аниме,K-pop
3/23/2024,3/23/2024,Новосибирск,UNICORN,"к-поп, косплей, поп-культура",нет,https://anime-conventions.ru/cities/2024.html,-,косплей,-,K-pop
3/30/2024,3/31/2024,Казань,Fenix ,аниме,нет,https://anime-conventions.ru/cities/2024.html,-,-,аниме,-
3/31/2024,3/31/2024,Москва,Аниме К-поп Геншин вечеринка от НЯпати,"аниме, к-поп, косплей, настольные игры",нет,https://anime-conventions.ru/cities/2024.html,-,настольные игры,аниме,K-pop
4/6/2024,4/6/2024,Москва,Аниме К-поп и Геншин пати от НЯпати ,"аниме, к-поп, Genshin Impact, косплей, OST, Рок, настольные игры",18+,https://anime-conventions.ru/cities/2024.html,Genshin Impact,косплей,аниме,K-pop
4/6/2024,4/7/2024,Москва, Geek.On Impact и Geek.On,"настольные игры, косплей, гик-культура",нет,https://anime-conventions.ru/cities/2024.html,-,косплей,-,-
4/13/2024,4/13/2024,Архангельск,Фестиваль восточной культуры Анимия ,"восточная культура, косплей, танцы",нет,https://anime-conventions.ru/cities/2024.html,-,косплей,-,-
4/13/2024,4/13/2024,Рязань,CorGEEK fest ,"косплей, аниме",нет,https://anime-conventions.ru/cities/2024.html,-,косплей,аниме,-
4/20/2024,4/20/2024,Москва,Аниме К-поп и Геншин пати от НЯпати,"аниме, к-поп, Genshin Impact, косплей, OST, Рок, настольные игры", 18+,https://anime-conventions.ru/cities/2024.html,Genshin Impact,настольные игры,аниме,K-pop
4/20/2024,4/20/2024,Москва,MITSSURI ,"азиатская культура, аниме, косплей",нет,https://anime-conventions.ru/cities/2024.html,-,косплей,аниме,-
4/20/2024,4/20/2024,Тюмень,Kitsune-con ,"косплей, танцы, аниме",12+,https://anime-conventions.ru/cities/2024.html,-,косплей,аниме,-
4/27/2024,4/27/2024,Серпухов,CrossFandomFest ,"аниме, к-поп, косплей, настольные игры",нет,https://anime-conventions.ru/cities/2024.html,-,настольные игры,аниме,K-pop
4/28/2024,4/28/2024,Москва,Аниме К-поп Геншин вечеринка от НЯпати,"аниме, к-поп, Genshin Impact, косплей",нет,https://anime-conventions.ru/cities/2024.html,Genshin Impact,косплей,аниме,K-pop
5/4/2024,5/4/2024,Москва,Аниме К-поп и Геншин пати от НЯпати ,"аниме, к-поп, Genshin Impact, косплей, OST, Рок, настольные игры",18+,https://anime-conventions.ru/cities/2024.html,Genshin Impact,косплей,аниме,K-pop
5/4/2024,5/5/2024,Москва,Драконий пик ,"китайская культура, книги, игры (Honkai, Genshin), дорамы",14+,https://anime-conventions.ru/cities/2024.html,Genshin Impact,-,-,-
5/4/2024,5/4/2024,Нижний Новгород,FAN FAN ,"фильмы, игры, комиксы, аниме и косплей",нет,https://anime-conventions.ru/cities/2024.html,-,косплей,комиксы,-
5/11/2024,5/11/2024,Волгоград,O.M.G. Fest Мультивселенная,"Косплей, к-поп, книги",14+,https://anime-conventions.ru/cities/2024.html,-,косплей,аниме,-
5/11/2024,5/11/2024,Москва,Аниме К-поп и Геншин вечеринка от НЯпати ,"Косплей, аниме, к-поп, Genshin Impact",нет,https://anime-conventions.ru/cities/2024.html,Genshin Impact,косплей,аниме,K-pop
5/11/2024,5/11/2024,Серпухов,AniWorld Fest ,"Косплей, аниме",нет,https://anime-conventions.ru/cities/2024.html,-,косплей,аниме,-
5/12/2024,5/12/2024,Москва,Фестиваль косплея Тогучи ,"Косплей, аниме, манга, j-rock, уличная японская мода, западная и российская индустрия кино, книг, комиксов",нет,https://anime-conventions.ru/cities/2024.html,-,косплей,аниме,-
5/18/2024,5/18/2024,Пенза,HIGUMA ,Косплей,нет,https://anime-conventions.ru/cities/2024.html,-,косплей,-,-
5/18/2024,5/18/2024,Челябинск,Ural Geek Fest,"Майор Гром, Комиксы",12+,https://anime-conventions.ru/cities/2024.html,Майор Гром,-,комиксы,-
6/9/2024,6/9/2024,Москва,Косплей Аниме К-поп и Геншин вечеринка от НЯпати ,"аниме, к-поп, Genshin Impact",нет,https://anime-conventions.ru/cities/2024.html,Genshin Impact,-,аниме,K-pop
6/23/2024,6/23/2024,Севастополь,~ Mirai Fest ~ ,Хаяо Миядзаки,13+,https://anime-conventions.ru/cities/2024.html,Хаяо Миядзаки,-,-,-
6/24/2024,6/24/2024,Протвино,ANIWORLD-FEST ,"косплей, Настольные игры, аниме",нет,https://anime-conventions.ru/cities/2024.html,-,"косплей, настольные игры",аниме,-
6/29/2024,6/29/2024,Москва,Аниме К-поп и Геншин пати от НЯпати ,"K-pop, Genshin Impact, косплей, аниме, арм-реслинг, игры, настольные игры",18+,https://anime-conventions.ru/cities/2024.html,Genshin Impact,"косплей, настольные игры",аниме,K-pop
7/6/2024,7/6/2024,Благовещенск,Косплей фестиваль HATORI ,"Косплей, кавердэнс, мультипликация, игры, книги",нет,https://anime-conventions.ru/cities/2024.html,-,косплей,-,Cover-dance
7/7/2024,7/7/2024,Санкт-Петербург,Hanami fest ,"k-pop, genshin, современная культура Азии, аниме, игры, гик-культура, Cover dance, косплей, Мейд-кафе",нет,https://anime-conventions.ru/cities/2024.html,Genshin Impact,косплей ,аниме,Cover-dance
8/3/2024,8/3/2024,Красноярск,Fuurin Cosplay Festival ,"гик-культура, косплей",12+,https://anime-conventions.ru/cities/2024.html,-,косплей,-,-
8/10/2024,8/11/2024,Москва,ISEKAI FEST ,"азиатская поп-культура, аниме, чайная церемония, японская каллиграфия, кимоно, видеоигры, косплей, кавер-дэнс, Gran Saga, Амура, Синяя тюрьма: Блю Лок — Эпизод Наги, Винокурня семьи Комада, Ghibli, Атака титанов, Ди.Грэй-мен, Путешествие к бессмертию, Хикару и Го, Слабый герой, История дворца Куньнин, Слабейший монстр",12+,https://anime-conventions.ru/cities/2024.html,Хаяо Миядзаки,косплей,мастер-классы,Cover-dance
8/17/2024,8/17/2024,Ижевск,TOFU ,"гик-культура, косплей, Genshin Impact, Майор Гром: Чумной Доктор, Алиса в Стране Чудес, Stray Kids, Fate: Grand Order, Рик и Морти, BLACKPINK, BABYMONSTER, STAR WARS, Hyakka Hyakurou, ROSÉ",нет,https://anime-conventions.ru/cities/2024.html,Майор Гром,косплей,-,-
8/17/2024,8/17/2024,Пенза,Сурский косплей-фестиваль Ajisai ,"косплей, гик-культура, настольные игры, D&D, Hoyoverse, Harry Potter, Вселенная Стивена, Время Приключений, Хололайв, Приключения Фионы и Кейка, Финес и Ферб, Дом совы, Геншин Импакт, Хонкай Стар Рейл, Провожающая в последний путь Фрирен, Леди Баг и Супер Кот, Великий из бродячих псов",12+,https://anime-conventions.ru/cities/2024.html,Великий из бродячих псов,настольные игры,-,-
8/23/2024,8/23/2024,Мурманск,Косплей фестиваль Сияние Севера ,"k-pop, genshin, косплей",нет,https://anime-conventions.ru/cities/2024.html,Genshin Impact,косплей,-,K-pop
8/24/2024,8/24/2024,посёлок Пионерский,«RunFest» Likoris,"k-pop, косплей, аниме",нет,https://anime-conventions.ru/cities/2024.html,-,косплей,аниме,K-pop
8/24/2024,8/24/2024,Москва,ANIWORLD-FEST ,"косплей, аниме, компьютерные игры",нет,https://anime-conventions.ru/cities/2024.html,-,косплей,аниме,-
8/30/2024,8/31/2024,Екатеринбург,ГикКон ,"гик-культура, Атака Титанов, Blazerush",нет,https://anime-conventions.ru/cities/2024.html,Атака Титанов,-,-,-
9/13/2024,9/15/2024,Минск,UniCon & GameExpo Minsk ,"косплей, игровые инди-проекты, D&D, Фильм ""Нечто"", METRO: Exodus, S.T.A.L.K.E.R., Honkai: Star Rail, Till the End of the Moon, Spy Family, Assassin’s Creed, Genshin Impact, The Last of Us, Гарри Поттер, Сериал ""В поле зрения"", Dragon age: Inquisition, Doctor Who, Магистр Дьявольского Культа, Life is strange, Devil May Cry, Baldur's Gate 3, League of Legends, Драконы тоже люди, Медальон теней",нет,https://anime-conventions.ru/cities/2024.html,Гарри Поттер,косплей,-,-
9/14/2024,9/15/2024,Омск,Oma-Con ,"косплей, музыка, аниме, танцы, игры, настольные игры, Манчкин, Эпичные схватки боевых магов, хацуне мику, Hataraku Maou-sama!, Система спаси себя сам для главного злодея, Подземелье Вкусностей, hunter x hunter, Genshin impact, Великий из бродячих псов, Моя геройская академия, Chuga Chara!, Honkai: Star Rail, Хроники элливиоса. Дочь зла, JoJo's Bizarre Adventure, One Piece, Алиса в пограничье, Безумный азарт, Эта фарфоровая кукла влюбилась, zenless zone zero, Demon slayer, Hetalia, Tasogare Otome x Amnesia, Needy Streamer Overload, Благословение небожителей, Reverse:1999, Dark Souls 3 Ashes of Ariandel, Хеталия и страны Оси, Девочка волшебница мадока, Shaman King, Тёмный дворецкий, Монолог Фармацевта, Сейлор Мун, Aespa, BTS, Stray kids",нет,https://anime-conventions.ru/cities/2024.html,Алиса в стране чудес,настольные игры,аниме,-
9/15/2024,9/15/2024,Дубна,KATANA FEST ,"японская культура, икебана, каллиграфия, чаепитие, боевые искусства, косплей, закадровое озвучание, японские традиционные танцы бон-одори под названием Танко-буши, иайдо, игра на барабанах, стрельба из лука, Мейд-кафе, ",нет,https://anime-conventions.ru/cities/2024.html,-,косплей,мастер-классы,-
9/21/2024,9/21/2024,Ульяновск,TestFest v.7.0,"косплей, coverdance",нет,https://anime-conventions.ru/cities/2024.html,-,косплей,-,Cover-dance
9/28/2024,9/28/2024,Москва,Тянься Фест | Праздник Середины Осени | ,"Праздник Середины Осени, китайская культура, Косплей, Свадьба в китайских традициях, Китайские настольные игры, Благословение небожителей, Разлука Орхидеи и Повелителя демонов, Далекие странники, Хаски и Его Учитель Белый Кот, Расколотая битвой синева небес, Боевой континент 2, Магазинчик ужасов, Система спаси себя сам для главного злодея, Магистр дьявольского культа, Мириады осеней, Геншин импакт, Монолог фармацевта, Светлый Пепел Луны",16+,https://anime-conventions.ru/cities/2024.html,Genshin Impact,настольные игры,-,-
9/29/2024,9/29/2024,Волгоград,Японский ШкАФ ,"компьютерные игры, книги, чайная церемония, косплей, клубная деятельность",нет,https://anime-conventions.ru/cities/2024.html,-,косплей,мастер-классы,-
9/29/2024,9/29/2024,Казань,Второй семейный аниме фестиваль Yokai Matsuri ,"аниме, для всей семьи, косплей, манга, японская, татарская, корейская, азиатская культура, этно-косплей, караоке ",6+,https://anime-conventions.ru/cities/2024.html,-,косплей,комиксы,караоке
10/5/2024,10/6/2024,Москва,Epic Con Russia ,"косплей, Death Stranding, Diablo, Мортал Комбат, Черепашки-Ниндзя, настольные игры, Just Dance, гаджеты, компьютерные игры, фильмы, комиксы, сериалы, мультфильмы, Epic Dance Battle, Лазертаг, лучный тир, бои на мечах, битвы в Куполе Грома, современное искусство",нет,https://anime-conventions.ru/cities/2024.html,Атака Титанов,настольные игры,комиксы,Just-dance
10/5/2024,10/5/2024,Москва,Аниме Геншин Косплей пати НЯпати ,"Косплей, Аниме,К-поп, Геншин, игры, арм-реслинг, Настольные игры",18+,https://anime-conventions.ru/cities/2024.html,Genshin Impact,настольные игры,аниме,K-pop
10/5/2024,10/5/2024,Набережные Челны,РУБИКОН ФЕСТ ,"гик-культура, косплей, кавер-дэнс, настольные игры, видеоигры, Just Dance, Mortal Kombat 1, The Sims, Arcane, комиксы, Genshin Impact, Hazbin Hotel, ОНО, Магистр дьявольского культа, Великий из бродячих псов, Trigun Stampede, Identity V, Darkest Dungeon, Onmyouji Aren, RE:VERSE",12+,https://anime-conventions.ru/cities/2024.html,Цифровой Цирк,настольные игры,комиксы,Just-dance
10/5/2024,10/5/2024,Пенза,Hikari FEST ,"косплей, азиатская культура, аниме, Cover-dance, гик-культура, МЕЙД-КАФЕ",нет,https://anime-conventions.ru/cities/2024.html,-,косплей,аниме,Cover-dance
10/12/2024,10/12/2024,Москва,CONstanta ,"косплей, игры, HoYoversе, Геншин Импакт, Хонкай Стар Рейл",нет,https://anime-conventions.ru/cities/2024.html,Genshin Impact,косплей,-,-
10/13/2024,10/13/2024,Москва,Косплей Аниме К-поп Геншин пати от НЯпати,"Косплей, Аниме,К-поп, Геншин, игры, Настольные игры, танцы",нет,https://anime-conventions.ru/cities/2024.html,Genshin Impact,настольные игры,аниме,K-pop
10/19/2024,10/19/2024,Екатеринбург,JustGeek,"АНИМЕ, K-POP, COVER DANCE, косплей",нет,https://anime-conventions.ru/cities/2024.html,-,косплей,аниме,"K-pop, Cover-dance"
10/20/2024,10/20/2024,Москва,ReeFest ,"Косплей, настольные игры, Genshin Impact, Assasin's creed, Fallout, Человек-бензопила, Project Sekai",нет,https://anime-conventions.ru/cities/2024.html,Genshin Impact,косплей,-,-
10/20/2024,10/20/2024,Норильск,GeekOn ,"комиксы, манга, Аниме, сериалы, Кино, видеоигры, анимация, сериалы, косплей, танцы",нет,https://anime-conventions.ru/cities/2024.html,-,косплей,комиксы,-
10/26/2024,10/26/2024,Архангельск,Yuki Con ,"аниме, игры, косплееры, каверденсеры",нет,https://anime-conventions.ru/cities/2024.html,-,косплей,аниме,Cover-dance
10/26/2024,10/26/2024,Краснодар,Medieval AniFest,"Средневековье, Шрек, косплей, игры, k-pop",нет,https://anime-conventions.ru/cities/2024.html,Шрек,косплей,-,K-pop
10/27/2024,10/27/2024,село Мирное,UME BONFIRE FEST ,"хэллоуин, Бункер, Мафия, настольные игры, косплей",14+,https://anime-conventions.ru/cities/2024.html,-,косплей,-,-
11/2/2024,11/2/2024,Самара,Deadline!! Halloween event ,"хэллоуин, косплей, K-POP, cover dance, каллиграфия, сёги, туми иши, рисовый поединок, кендама, цзяньцзы, Клинок, рассекающий демонов, Mineshield, Геншин импакт, Евангелион, Благословение небожителей, Гравити Фолз, Зайчик, Fnaf security breech, Геншин Импакт, For Honor, Let It Die, Оно, Ужасающий, BABYMONSTER, Bendy and the ink machine, FNAF 4, Jennie",12+,https://anime-conventions.ru/cities/2024.html,"Клинок, рассекающий демонов",настольные игры,мастер-классы,K-pop
11/3/2024,11/4/2024,Москва,Hinode x Console Gaming Festival ,"видеоигры, косплей, традиционное искусство Азии, игры на консолях Nintendo, PlayStation и Xbox, для всей семьи",нет,https://anime-conventions.ru/cities/2024.html,-,косплей,-,-
11/3/2024,11/3/2024,Ставрополь,Kitsune Fest,"фестиваль азиатской, гик-, поп- и косплей-культуры, языковые лекции, игры, ",нет,https://anime-conventions.ru/cities/2024.html,-,косплей,мастер-классы,-
11/17/2024,11/17/2024,Москва,AnimatiCon,"инди анимация, студия Глитч, Цифровой Цирк, Дроны Убийцы, косплей, настольные игры",нет,https://anime-conventions.ru/cities/2024.html,Цифровой Цирк,настольные игры,-,-
11/23/2024,11/23/2024,Москва,Impact Wave,"косплей, игры вселенной HoYoverse",нет,https://anime-conventions.ru/cities/2024.html,Genshin Impact,косплей,-,-
11/24/2024,11/24/2024,Краснодар,OokamiFest ,Косплей,12+,https://anime-conventions.ru/cities/2024.html,-,косплей,-,-
11/24/2024,11/24/2024,Москва,Тогучи ,"косплей, аниме, манга, j-rock, уличная японская мода, фильмы, мультфильмы, книги, комиксы, знаменитости, исторический костюм, авторские костюмы, сценки, танцы, дефиле, караоке, игры со зрителями",нет,https://anime-conventions.ru/cities/2024.html,-,косплей,комиксы,караоке
11/30/2024,11/30/2024,Владивосток,AI! Repeat ,косплей,16+,https://anime-conventions.ru/cities/2024.html,-,косплей,-,-
12/8/2024,12/8/2024,Сочи,Shan-Fest ,"китайская культура, туйшоу, косплей",нет,https://anime-conventions.ru/cities/2024.html,-,косплей,мастер-классы,-
12/20/2024,12/22/2024,Москва,Хомякон ,"Комиксы, косплей, настолки, DnD, аниме, издательство BUBBLE, K-POP, гик-культура, Плюс Студия",нет,https://anime-conventions.ru/cities/2024.html,Майор Гром,косплей,аниме,K-pop
12/22/2024,12/22/2024,Санкт-Петербург,Fantasy Likee Fest ,"соцсеть Likee, игры, Кавер-дэнс, косплей, настолки, ретро-игры",нет,https://anime-conventions.ru/cities/2024.html,-,настольные игры,-,Cover-dance
1/4/2025,1/4/2025,Владимир,ManukeFest Winter ,"Косплей, каверденс, маркет, аллея авторов",нет,https://anime-conventions.ru/cities/2025.html,-,косплей,аниме,-
1/11/2025,1/11/2025,Нижний Новгород,FAN FAN ,"Косплей, танцевальные постановки, вокальные выступления, сценические постановки, аллея авторов, файтинг-турниры на игровых консолях, настольные игры, выставка фотокосплея и фан-арта, ярмарка geek-товаров.",нет,https://anime-conventions.ru/cities/2025.html,-,косплей,ярмарка,Cover-dance
1/11/2025,1/11/2025,Симферополь,The lil-Fest: Lost in the future 14+,"Косплей, k-pop, игры, торговый холл, конкурсы",14+,https://anime-conventions.ru/cities/2025.html,-,настольные игры,ярмарка,K-pop
1/19/2025,1/19/2025,Москва,Aniworld Fest ,"Косплей, маркет с Anime/K-рор/Geeк товарами, конкурсы, настольные игры",нет,https://anime-conventions.ru/cities/2025.html,-,косплей,аниме,K-pop
1/19/2025,1/19/2025,Тула,Yuki no Odori (YnO) 14,"Аниме, игры, косплей, k-pop",нет,https://anime-conventions.ru/cities/2025.html,-,настольные игры,аниме,K-pop
1/25/2025,1/25/2025,Воронеж,Happy Matsuri ,"Аниме, k-pop, игры, сериалы, косплей, ярмарка",нет,https://anime-conventions.ru/cities/2025.html,-,косплей,аниме,K-pop
1/25/2025,1/25/2025,Екатеринбург,Yusagi Fest: Christmas Fandom 12+,"Гик и азиатская культура, косплей, конкурсы, кавердэнс, вокал, аллея авторов, ярмарка ",12+,https://anime-conventions.ru/cities/2025.html,-,косплей,аниме,Cover-dance
1/26/2025,1/26/2025,Москва,ALIA FEST 16+,"Косплей, вокальные номера, выступления приглашенных артистов, лекции, мастер-классы, тематические фотозоны, аллея авторов, конкурсы, интерактивы ",нет,https://anime-conventions.ru/cities/2025.html,-,косплей,мастер-классы,-
2/1/2025,2/1/2025,Балаково,Лунный Новый Год: Чуньцзе ,"Современная азиатская культура, каверденс, вокал, косплей",нет,https://anime-conventions.ru/cities/2025.html,-,косплей,аниме,Cover-dance
2/1/2025,2/1/2025,Екатеринбург,АзияБриз Зима: Магия дружбы 12+,"Косплей, танцы, вокал, мастер-классы, игры, кино, аниме, комиксы, фотозоны ",12+,https://anime-conventions.ru/cities/2025.html,-,настольные игры,комиксы,-
2/1/2025,2/2/2025,Москва,ЛЮБфест ,"Косплей, игры, поп-культура, маркет",нет,https://anime-conventions.ru/cities/2025.html,-,косплей,ярмарка,-
2/2/2025,2/2/2025,Москва,Фестиваль косплея Тогучи ,"Аниме, манга, j-rock, фильмы, мультфильмы, книги, комиксы, знаменитости, сценки, танцы, дефиле, караоке, игры со зрителями, ярмарка, профессиональные фотозоны",нет,https://anime-conventions.ru/cities/2025.html,-,-,ярмарка,караоке
2/2/2025,2/2/2025,Владивосток,CHERRY FEST 14+,"Гарри Поттер, косплей, ярмарка, конкурсы",14+,https://anime-conventions.ru/cities/2025.html,Гарри Поттер,косплей,ярмарка,-
2/8/2025,2/8/2025,Москва,Hao Fest  ,"Китайская культура, чайная церемония, мастер-классы по каллиграфии и плетению узелков, демонстрация китайской живописи, косплей, фотозоны, мерч, традиционная китайская музыка, настольные игры",нет,https://anime-conventions.ru/cities/2025.html,-,косплей,мастер-классы,-
2/9/2025,2/9/2025,Ржев,ASIACon 12+,"Косплей, выступление K-pop cover dance коллективов, ярмарка",12+,https://anime-conventions.ru/cities/2025.html,-,косплей,ярмарка,Cover-dance
2/15/2025,2/15/2025,Краснодар,Love Masquerade AniFest,"Гик-культура, косплей, игротека, тематическая фотозона, выступления k-pop танцоров, конкурсы, аквагрим",нет,https://anime-conventions.ru/cities/2025.html,-,настольные игры,аниме,K-pop
2/16/2025,2/16/2025,Москва,Love Moscow Cosplay mini-fest,"Косплей, конкурсы, игры в зале, настольные игры, дискотека, гейм зона с Just Dance",нет,https://anime-conventions.ru/cities/2025.html,-,настольные игры,аниме,Just-dance
2/16/2025,2/16/2025,Санкт-Петербург,Hanami fest,"Гейм-зона, интерактивные стенды, лекции, ярмарка, косплей",нет,https://anime-conventions.ru/cities/2025.html,-,настольные игры,ярмарка,-
2/22/2025,2/22/2025,Миасс,АНИМЕФЕСТ!!!,"Аниме, косплей-шоу, кавер данс",нет,https://anime-conventions.ru/cities/2025.html,-,косплей,аниме,Cover-dance
3/1/2025,3/1/2025,Кемерово,Yori Fest ,"Косплей, аниме, сериалы, фильмы, комиксы, манга, книги, k-pop, конкурсы, выступления, ярмарка, настольные игры",нет,https://anime-conventions.ru/cities/2025.html,-,настольные игры,комиксы,K-pop
3/1/2025,3/1/2025,Пенза,Higuma ,"Косплей, cover-dance выступления, вокальные номера, ярмарка, аллея авторов, тематическая фотозона",нет,https://anime-conventions.ru/cities/2025.html,-,косплей,ярмарка,Cover-dance
3/2/2025,3/2/2025,Москва,CelestialsFest 14+,"Благословение небожителей, аллея авторов, конкурс косплей дефиле, квест",14+,https://anime-conventions.ru/cities/2025.html,Благословение небожителей,косплей,ярмарка,-
3/16/2025,3/16/2025,Москва,КОНСерва: Врата Бездны,"Genshin Impact, квест",нет,https://anime-conventions.ru/cities/2025.html,Genshin Impact,-,-,-
3/29/2025,3/30/2025,Казань,Fenix,"Японская, американская культура, традиционная япоская кухня, мастер-классы, косплей, фан-арт, караоке",нет,https://anime-conventions.ru/cities/2025.html,-,косплей,мастер-классы,караоке
4/12/2025,4/12/2025,Барнаул,Re:Fest / Renaissance Cosplay & Cover Dance Fest 14+,"Косплей, кавер дэнс, k-pop, аниме, игры, комиксы, ярмарка, интерактивные зоны",14+,https://anime-conventions.ru/cities/2025.html,-,косплей,комиксы,Cover-dance
4/13/2025,4/13/2025,Липецк,Saikoden Con 10+,"Аниме, ярмарка, выступления косплееров, конкурсы, дискотека",10+,https://anime-conventions.ru/cities/2025.html,-,косплей,ярмарка,-
4/19/2025,4/19/2025,Абакан,TeenFest ,"Косплей, cover dance, фотозоны, ярмарка, мастер-классы, свободный микрофон",нет,https://anime-conventions.ru/cities/2025.html,-,настольные игры,аниме,Cover-dance
4/19/2025,4/19/2025,Москва,Косплей-дефиле Арт-волна,"Genshin Impact, игровые зоны, фото-зона, рисование акварельными карандашами, косплей",нет,https://anime-conventions.ru/cities/2025.html,Genshin Impact,настольные игры,-,-
4/19/2025,4/19/2025,Ставрополь,Kitsune Fest siren song,"Косплей, интерактивные зоны развлечений, мастер-классы, лекции, маркет-зона ",нет,https://anime-conventions.ru/cities/2025.html,-,косплей,ярмарка,-
4/20/2025,4/20/2025,Санкт-Петербург,Фестиваль Хоккайдо,"Косплей, развлекательные стенды и квест, уголок с таро, фотозона с кимоно, игры по станциям, ретро приставки RetroTech Squad , традиционная японская игра ГО, клуб настольных игр, аллея авторов, ярмарка",нет,https://anime-conventions.ru/cities/2025.html,-,косплей,ярмарка,-
4/26/2025,4/26/2025,Москва,ДЕДфест ,"Ретро гик-культура, косплей-конкурс по фандомам до 2015 года, ретро-гейминг на винтажных компьютерах и консолях, интерактивная фотозона в стиле квартиры гика из 90х, ярмарка, викторина, квест ",нет,https://anime-conventions.ru/cities/2025.html,-,косплей,ярмарка,-
4/26/2025,4/26/2025,Ульяновск,EoS Fest 12+,"Косплей, танцы от признанных команд, песни от любителей и профессионалов, ярмарка, настольные игры, мастер-классы, аллея авторов",12+,https://anime-conventions.ru/cities/2025.html,-,настольные игры,мастер-классы,-
4/27/2025,4/27/2025,Волгоград,ЧитальНЯ 9 16+,"Косплей, книги",16+,https://anime-conventions.ru/cities/2025.html,-,косплей ,-,-
4/27/2025,4/27/2025,Иркутск,AnimeFest ,"Косплей, k-pop, аллея авторов, конкурсы",нет,https://anime-conventions.ru/cities/2025.html,-,косплей,ярмарка,K-pop
4/27/2025,4/27/2025,Москва,Love Moscow Cosplay mini-fest от НЯпати 2.0 ,"Косплей, конкурсы, игры в зале, настольные игры, дискотека, гейм зона с Just Dance, маркет",нет,https://anime-conventions.ru/cities/2025.html,-,косплей,ярмарка,Just-dance
5/1/2025,5/4/2025,Воронеж,Всероссийский фестиваль японской анимации,"Косплей-шоу, лекции, мастер-классы, концерт, выставка, ярмарка",нет,https://anime-conventions.ru/cities/2025.html,-,косплей,аниме,-
5/3/2025,5/3/2025,Тюмень,Kitsune-con 12+,"Ярмарка, аллея художников, настольные игры, розыгрыши, интерактивные развлечения, творческие номера, косплей, саберфайтинг, cover dance, фан-стенд",12+,https://anime-conventions.ru/cities/2025.html,-,настольные игры,ярмарка,Cover-dance
5/10/2025,5/10/2025,Москва,CONstanta ,"HoYoversе, косплей",нет,https://anime-conventions.ru/cities/2025.html,Genshin Impact,косплей,-,-
5/10/2025,5/10/2025,Санкт-Петербург,Косплей-фестиваль M.Ani.Fest (МАФ) ,"Театральные постановки, вокальные номера, танцевальные выступления, каверы, косплееры, выставка артов и фотокосплея, ярмарка, тематический стенд, квесты, настольные игры, традиционные и компьютерные игры",нет,https://anime-conventions.ru/cities/2025.html,-,косплей,ярмарка,Cover-dance
5/25/2025,5/25/2025,Волгоград,O.M.G. Fest В мире фэнтези 12+,"Ярмарка, выставка артов и фотокосплея, развлекательные площадки, творческие мастер-классы, косплей, кей-поп каверденс, вокальная постановка",нет,https://anime-conventions.ru/cities/2025.html,-,косплей,мастер-классы,K-pop
5/25/2025,5/25/2025,Новосибирск,UNICORN ,"Косплей, тематические стенды, лекции, мастер-классы, geek market ",нет,https://anime-conventions.ru/cities/2025.html,-,косплей,"мастер-классы, ярмарка",-
5/25/2025,5/25/2025,Тула,Аой-мацури 0+ ,"Культура восточной азии, музыка, изобразительное искусство, танцы, чайные церемонии, единоборства, кухня, языки, анимэ, традиционные игры, одежда и ремесла, философия, мировоззрение",0+,https://anime-conventions.ru/cities/2025.html,-, -,аниме,-
6/7/2025,6/7/2025,Челябинск,MOCon: Мюзиклы,"Конкурс косплея, конкурсы cover dance и вокала, ярмарки, аллея авторов, развлекательные тематические стенды",нет,https://anime-conventions.ru/cities/2025.html,-,косплей,ярмарка,Cover-dance
6/8/2025,6/8/2025,Москва,Фестиваль Персиковый источник 16+,"Китайские веб-новеллы, конкурс косплея, караоке и выступления специальных гостей, аллея авторов, лекции и мастер-классы, фандомные стенды, фотозоны, квест, тематическая своп-барахолка ",16+,https://anime-conventions.ru/cities/2025.html,-,косплей,мастер-классы,караоке
6/8/2025,6/8/2025,Якутск,Фэнтези ФЕСТ ,"История, фэнтези-литература, кино, аниме, игровая культура, конкурсы косплея, бои на мечах, стрельба из лука, конные прогулки, квесты, мастер-классы, ярмарка, настольные игры",нет,https://anime-conventions.ru/cities/2025.html,-,настольные игры,мастер-классы,-
6/14/2025,6/14/2025,Дубна,ATOMCOSCON 12+,"Костюмированный шоу-конкурс, ярмарка, мастер-классы, игротека ",12+,https://anime-conventions.ru/cities/2025.html,-,настольные игры,ярмарка,-
6/14/2025,6/14/2025,Подольск,Хару ,Японская культура,нет,https://anime-conventions.ru/cities/2025.html,-,-,-,-
6/15/2025,6/15/2025,Белогорск,Okomikor ,"Игры, книги, комиксы, фильмы, манга, аниме",нет,https://anime-conventions.ru/cities/2025.html,-,косплей,аниме,-
6/22/2025,6/22/2025,Москва,Love Moscow Cosplay mini-fest 5,"Косплей, конкурсы, игры в зале, настольные игры, дискотека, гейм зона с Just Dance, маркет",нет,https://anime-conventions.ru/cities/2025.html,-,косплей,ярмарка,Just-dance
7/5/2025,7/5/2025,Воронеж,FUJI FEST ,"Поп-культуры России, Японии, Китая",12+,https://anime-conventions.ru/cities/2025.html,-,косплей,комиксы,-
7/5/2025,7/6/2025,Москва,Epic Con Russia ,"Фильмы, сериалы, компьютерные игры",нет,https://anime-conventions.ru/cities/2025.html,-,настольные игры,-,-
7/9/2025,7/12/2025,Астана,Comic Con ,"Косплей, фильмы, комиксы, видеоигры, сериалы, мультфильмы, аниме",нет,https://anime-conventions.ru/cities/2025.html,-,косплей,ярмарка,-
7/11/2025,7/13/2025,Санкт-Петербург,AniCon ,Косплей,нет,https://anime-conventions.ru/cities/2025.html,-,косплей,ярмарка,-
7/12/2025,7/12/2025,Екатеринбург,CatoonCon: Косой Переулок,Гарри Поттер,нет,https://anime-conventions.ru/cities/2025.html,Гарри Поттер,косплей,ярмарка,-
7/12/2025,7/13/2025,Пермь,PANICOMIX ,Косплей,12+,https://anime-conventions.ru/cities/2025.html,-,косплей,мастер-классы,-
7/13/2025,7/13/2025,Москва,Яо фест,"Китайска культура, косплей",нет,https://anime-conventions.ru/cities/2025.html,-,косплей,косплей,-
7/18/2025,7/20/2025,Омск,KAI TAIYO CON,"Культура восточной Азии, к-поп",нет,https://anime-conventions.ru/cities/2025.html,-,-,ярмарка,K-pop
7/19/2025,7/20/2025,Ростов-на-Дону,Танибата ,"Косплей, аниме, к-поп, Genshin Impact",12+,https://anime-conventions.ru/cities/2025.html,Genshin Impact,косплей,аниме,K-pop
7/19/2025,7/19/2025,Ульяновск,Танабата,"Косплей, Cover Dance, аниме, k-pop, восточная культура",нет,https://anime-conventions.ru/cities/2025.html,-,косплей,аниме,Cover-dance
7/26/2025,7/26/2025,Магнитогорск,Нацу Мацури ,Косплей,12+,https://anime-conventions.ru/cities/2025.html,-,косплей,-,-
7/26/2025,7/26/2025,Тюмень,Kitsune chibi fest ,"Гик-культура, косплей, Cover Dance",6+,https://anime-conventions.ru/cities/2025.html,-,косплей,-,Cover-dance
8/9/2025,8/10/2025,Тула,Октакон ,Гик-культура,нет,https://anime-conventions.ru/cities/2025.html,-,настольные игры,аниме,-
8/10/2025,8/10/2025,Гродно,Кампай Гродно. Летняя аниме пати ,"Косплей, к-поп",12+,https://anime-conventions.ru/cities/2025.html,-,настольные игры,ярмарка,Just-dance
8/16/2025,8/16/2025,Иваново,Пульс Лета ,Косплей,нет,https://anime-conventions.ru/cities/2025.html,-,косплей,ярмарка,-
8/16/2025,8/16/2025,Пенза,Ajisai ,"Аниме, косплей, Cover Dance",нет,https://anime-conventions.ru/cities/2025.html,-,косплей,комиксы,Cover-dance
8/16/2025,8/16/2025,Южно-Сахалинск,IKIGAI CON ,Косплей,16+,https://anime-conventions.ru/cities/2025.html,-,косплей,-,-
8/17/2025,8/17/2025,Москва,Love Moscow Cosplay mini-fest ,Косплей,нет,https://anime-conventions.ru/cities/2025.html,-,настольные игры,-,-
8/22/2025,8/24/2025,Калининград,Panicon! ,"Косплей, гик-культура",16+,https://anime-conventions.ru/cities/2025.html,-,косплей,ярмарка,Just-dance
8/23/2025,8/23/2025,Чита,You Con ,"Косплей, аниме",нет,https://anime-conventions.ru/cities/2025.html,-,косплей,комиксы,-
8/24/2025,8/24/2025,Санкт-Петербург,Hanami fest,"Японская культура, аниме, искусство",нет,https://anime-conventions.ru/cities/2025.html,-,косплей,ярмарка,-
9/6/2025,9/6/2025,Воронеж,VRNCon ,Косплей,нет,https://anime-conventions.ru/cities/2025.html,-,косплей,-,-
9/13/2025,9/13/2025,Кемерово,Aki no Yume ,"Косплей, гик-культура, аниме",16+,https://anime-conventions.ru/cities/2025.html,-,косплей,аниме,K-pop
9/13/2025,9/13/2025,Краснодар,Фандом Балкон,Поп-культура,нет,https://anime-conventions.ru/cities/2025.html,-,-,ярмарка,-
9/27/2025,9/27/2025,Новосибирск,VK Asian Dragon Fest,"Азиатская культура, к-поп",нет,https://anime-conventions.ru/cities/2025.html,-,-,мастер-классы,K-pop
9/28/2025,9/28/2025,Волгоград,Японский ШкАФ ,"Косплей, компьютерные игры, книги",6+,https://anime-conventions.ru/cities/2025.html,-,косплей,ярмарка,-
9/28/2025,9/28/2025,Москва,Love Moscow Cosplay mini-fest 8,"Косплей, аниме",нет,https://anime-conventions.ru/cities/2025.html,-,настольные игры ,аниме,-
10/12/2025,10/12/2025,Севастополь,Moon Fest ,"Косплей, к-поп",нет,https://anime-conventions.ru/cities/2025.html,-,косплей,ярмарка,Cover-dance
10/12/2025,10/12/2025,Сочи,Shan-Fest ,"Даньмэй, китайская культура",16+,https://anime-conventions.ru/cities/2025.html,-,-,-,-
10/18/2025,10/19/2025,Москва,Hinode ,Восточная культура,нет,https://anime-conventions.ru/cities/2025.html,-,косплей,мастер-классы,-
10/19/2025,10/19/2025,Москва,Дом-фест,Косплей,нет,https://anime-conventions.ru/cities/2025.html,-,косплей,мастер-классы,-
10/20/2025,10/20/2025,Москва,Симфония Аниме ,"Аниме, Кеничи Симура",6+,https://anime-conventions.ru/cities/2025.html,Наруто,-,аниме,-
10/25/2025,10/25/2025,Белгород,NEKOSHI ,Гарри Поттер,нет,https://anime-conventions.ru/cities/2025.html,Гарри Поттер,-,-,-
10/25/2025,10/25/2025,Краснодар,Ghostly AniFest,Косплей,нет,https://anime-conventions.ru/cities/2025.html,-,косплей,ярмарка,-
10/26/2025,10/26/2025,Воронеж,Shift On Fandom Fest ,Косплей,нет,https://anime-conventions.ru/cities/2025.html,-,косплей,ярмарка,-
10/26/2025,10/26/2025,Москва,Хеллоуин от Love Moscow Cosplay mini-fest,"Косплей, дефиле, настольные игры",нет,https://anime-conventions.ru/cities/2025.html,-,настольные игры,-,-
10/26/2025,10/26/2025,Нижний Новгород,Kazuha fest ,"Косплей, аниме",нет,https://anime-conventions.ru/cities/2025.html,-,косплей,аниме,-
11/1/2025,11/1/2025,Липецк,Saikoden Halloween ,Косплей,12+,https://anime-conventions.ru/cities/2025.html,-,косплей,ярмарка,-
11/9/2025,11/9/2025,Москва,CONstanta ,"Косплей, HoYoversе, Геншин Импакт, Хонкай Стар Рейл",нет,https://anime-conventions.ru/cities/2025.html,Genshin Impact,косплей,-,-
11/9/2025,11/9/2025,Москва,Monsters Party ,"""Всё ради игры"", ""Песнь Сорокопута""",нет,https://anime-conventions.ru/cities/2025.html,Всё ради игры,-,-,-
11/16/2025,11/16/2025,Волгоград,Мармелад Фест ,Косплей,нет,https://anime-conventions.ru/cities/2025.html,-,косплей,-,-
11/16/2025,11/16/2025,Москва,Фестиваль косплея Тогучи,"Косплей, восточная, западная и российская культуры",12+,https://anime-conventions.ru/cities/2025.html,-,косплей,Комиксы,-
11/23/2025,11/23/2025,Кола,ActionFest ,"Косплей, Cover Dance",12+,https://anime-conventions.ru/cities/2025.html,-,косплей,ярмарка,Cover-dance
11/23/2025,11/23/2025,Москва,ЛЕНЬтябрь от Love Moscow Cosplay mini-fest 10 ,Косплей,нет,https://anime-conventions.ru/cities/2025.html,-,настольные игры,-,-
12/6/2025,12/6/2025,Москва,Impact Wave,"HoYoverse, аниме, комиксы, фильмы",нет,https://anime-conventions.ru/cities/2025.html,Genshin Impact,-,комиксы,-
12/6/2025,12/6/2025,Орёл,TOSHI FEST ,"Гик-культура, косплей",нет,https://anime-conventions.ru/cities/2025.html,-,косплей,мастер-классы,-
12/21/2025,12/21/2025,Якутск,Хотон ,Косплей,нет,https://anime-conventions.ru/cities/2025.html,-,косплей,мастер-классы,-